2020-12-01 21:05:46,059 [Worker-1: Loading available Gradle versions] INFO  c.g.t.t.d.PublishedGradleVersions - Gradle version information cache is up-to-date. Trying to read.
2020-12-01 21:06:54,159 [Worker-10: Update Maven projects configuration] INFO  o.e.m.c.i.p.ProjectConfigurationManager - Update started
2020-12-01 21:06:55,195 [Worker-10: Update Maven projects configuration] INFO  o.e.m.c.i.e.AbstractTransferListenerAdapter - Downloaded http://public.dhe.ibm.com/ibmdl/export/pub/software/websphere/wasdev/maven/repository/org/springframework/boot/spring-boot-starter-parent/2.4.0/spring-boot-starter-parent-2.4.0.pom
2020-12-01 21:06:56,068 [Worker-10: Update Maven projects configuration] INFO  o.e.m.c.i.e.AbstractTransferListenerAdapter - Downloading https://repo.maven.apache.org/maven2/org/springframework/boot/spring-boot-starter-parent/2.4.0/spring-boot-starter-parent-2.4.0.pom
2020-12-01 21:06:56,202 [Worker-10: Update Maven projects configuration] INFO  o.e.m.c.i.e.AbstractTransferListenerAdapter - Downloaded https://repo.maven.apache.org/maven2/org/springframework/boot/spring-boot-starter-parent/2.4.0/spring-boot-starter-parent-2.4.0.pom
2020-12-01 21:06:56,576 [Worker-10: Update Maven projects configuration] INFO  o.e.m.c.i.e.AbstractTransferListenerAdapter - Downloaded http://public.dhe.ibm.com/ibmdl/export/pub/software/websphere/wasdev/maven/repository/org/springframework/boot/spring-boot-dependencies/2.4.0/spring-boot-dependencies-2.4.0.pom
2020-12-01 21:06:56,699 [Worker-10: Update Maven projects configuration] INFO  o.e.m.c.i.e.AbstractTransferListenerAdapter - Downloading https://repo.maven.apache.org/maven2/org/springframework/boot/spring-boot-dependencies/2.4.0/spring-boot-dependencies-2.4.0.pom
2020-12-01 21:06:57,044 [Worker-10: Update Maven projects configuration] INFO  o.e.m.c.i.e.AbstractTransferListenerAdapter - Downloaded https://repo.maven.apache.org/maven2/org/springframework/boot/spring-boot-dependencies/2.4.0/spring-boot-dependencies-2.4.0.pom
2020-12-01 21:06:57,526 [Worker-10: Update Maven projects configuration] INFO  o.e.m.c.i.e.AbstractTransferListenerAdapter - Downloaded http://public.dhe.ibm.com/ibmdl/export/pub/software/websphere/wasdev/maven/repository/com/datastax/oss/java-driver-bom/4.9.0/java-driver-bom-4.9.0.pom
2020-12-01 21:06:57,655 [Worker-10: Update Maven projects configuration] INFO  o.e.m.c.i.e.AbstractTransferListenerAdapter - Downloading https://repo.maven.apache.org/maven2/com/datastax/oss/java-driver-bom/4.9.0/java-driver-bom-4.9.0.pom
2020-12-01 21:06:57,780 [Worker-10: Update Maven projects configuration] INFO  o.e.m.c.i.e.AbstractTransferListenerAdapter - Downloaded https://repo.maven.apache.org/maven2/com/datastax/oss/java-driver-bom/4.9.0/java-driver-bom-4.9.0.pom
2020-12-01 21:06:58,146 [Worker-10: Update Maven projects configuration] INFO  o.e.m.c.i.e.AbstractTransferListenerAdapter - Downloaded http://public.dhe.ibm.com/ibmdl/export/pub/software/websphere/wasdev/maven/repository/io/dropwizard/metrics/metrics-bom/4.1.14/metrics-bom-4.1.14.pom
2020-12-01 21:06:58,274 [Worker-10: Update Maven projects configuration] INFO  o.e.m.c.i.e.AbstractTransferListenerAdapter - Downloading https://repo.maven.apache.org/maven2/io/dropwizard/metrics/metrics-bom/4.1.14/metrics-bom-4.1.14.pom
2020-12-01 21:06:58,401 [Worker-10: Update Maven projects configuration] INFO  o.e.m.c.i.e.AbstractTransferListenerAdapter - Downloaded https://repo.maven.apache.org/maven2/io/dropwizard/metrics/metrics-bom/4.1.14/metrics-bom-4.1.14.pom
2020-12-01 21:06:58,767 [Worker-10: Update Maven projects configuration] INFO  o.e.m.c.i.e.AbstractTransferListenerAdapter - Downloaded http://public.dhe.ibm.com/ibmdl/export/pub/software/websphere/wasdev/maven/repository/io/dropwizard/metrics/metrics-parent/4.1.14/metrics-parent-4.1.14.pom
2020-12-01 21:06:58,899 [Worker-10: Update Maven projects configuration] INFO  o.e.m.c.i.e.AbstractTransferListenerAdapter - Downloading https://repo.maven.apache.org/maven2/io/dropwizard/metrics/metrics-parent/4.1.14/metrics-parent-4.1.14.pom
2020-12-01 21:06:59,039 [Worker-10: Update Maven projects configuration] INFO  o.e.m.c.i.e.AbstractTransferListenerAdapter - Downloaded https://repo.maven.apache.org/maven2/io/dropwizard/metrics/metrics-parent/4.1.14/metrics-parent-4.1.14.pom
2020-12-01 21:06:59,416 [Worker-10: Update Maven projects configuration] INFO  o.e.m.c.i.e.AbstractTransferListenerAdapter - Downloaded http://public.dhe.ibm.com/ibmdl/export/pub/software/websphere/wasdev/maven/repository/org/infinispan/infinispan-bom/11.0.5.Final/infinispan-bom-11.0.5.Final.pom
2020-12-01 21:06:59,540 [Worker-10: Update Maven projects configuration] INFO  o.e.m.c.i.e.AbstractTransferListenerAdapter - Downloading https://repo.maven.apache.org/maven2/org/infinispan/infinispan-bom/11.0.5.Final/infinispan-bom-11.0.5.Final.pom
2020-12-01 21:06:59,684 [Worker-10: Update Maven projects configuration] INFO  o.e.m.c.i.e.AbstractTransferListenerAdapter - Downloaded https://repo.maven.apache.org/maven2/org/infinispan/infinispan-bom/11.0.5.Final/infinispan-bom-11.0.5.Final.pom
2020-12-01 21:07:00,053 [Worker-10: Update Maven projects configuration] INFO  o.e.m.c.i.e.AbstractTransferListenerAdapter - Downloaded http://public.dhe.ibm.com/ibmdl/export/pub/software/websphere/wasdev/maven/repository/org/infinispan/infinispan-build-configuration-parent/11.0.5.Final/infinispan-build-configuration-parent-11.0.5.Final.pom
2020-12-01 21:07:00,179 [Worker-10: Update Maven projects configuration] INFO  o.e.m.c.i.e.AbstractTransferListenerAdapter - Downloading https://repo.maven.apache.org/maven2/org/infinispan/infinispan-build-configuration-parent/11.0.5.Final/infinispan-build-configuration-parent-11.0.5.Final.pom
2020-12-01 21:07:00,370 [Worker-10: Update Maven projects configuration] INFO  o.e.m.c.i.e.AbstractTransferListenerAdapter - Downloaded https://repo.maven.apache.org/maven2/org/infinispan/infinispan-build-configuration-parent/11.0.5.Final/infinispan-build-configuration-parent-11.0.5.Final.pom
2020-12-01 21:07:00,750 [Worker-10: Update Maven projects configuration] INFO  o.e.m.c.i.e.AbstractTransferListenerAdapter - Downloaded http://public.dhe.ibm.com/ibmdl/export/pub/software/websphere/wasdev/maven/repository/org/jboss/jboss-parent/36/jboss-parent-36.pom
2020-12-01 21:07:00,874 [Worker-10: Update Maven projects configuration] INFO  o.e.m.c.i.e.AbstractTransferListenerAdapter - Downloading https://repo.maven.apache.org/maven2/org/jboss/jboss-parent/36/jboss-parent-36.pom
2020-12-01 21:07:01,315 [Worker-10: Update Maven projects configuration] INFO  o.e.m.c.i.e.AbstractTransferListenerAdapter - Downloaded https://repo.maven.apache.org/maven2/org/jboss/jboss-parent/36/jboss-parent-36.pom
2020-12-01 21:07:01,700 [Worker-10: Update Maven projects configuration] INFO  o.e.m.c.i.e.AbstractTransferListenerAdapter - Downloaded http://public.dhe.ibm.com/ibmdl/export/pub/software/websphere/wasdev/maven/repository/com/fasterxml/jackson/jackson-bom/2.11.3/jackson-bom-2.11.3.pom
2020-12-01 21:07:01,823 [Worker-10: Update Maven projects configuration] INFO  o.e.m.c.i.e.AbstractTransferListenerAdapter - Downloading https://repo.maven.apache.org/maven2/com/fasterxml/jackson/jackson-bom/2.11.3/jackson-bom-2.11.3.pom
2020-12-01 21:07:01,964 [Worker-10: Update Maven projects configuration] INFO  o.e.m.c.i.e.AbstractTransferListenerAdapter - Downloaded https://repo.maven.apache.org/maven2/com/fasterxml/jackson/jackson-bom/2.11.3/jackson-bom-2.11.3.pom
2020-12-01 21:07:02,343 [Worker-10: Update Maven projects configuration] INFO  o.e.m.c.i.e.AbstractTransferListenerAdapter - Downloaded http://public.dhe.ibm.com/ibmdl/export/pub/software/websphere/wasdev/maven/repository/org/glassfish/jersey/jersey-bom/2.32/jersey-bom-2.32.pom
2020-12-01 21:07:02,464 [Worker-10: Update Maven projects configuration] INFO  o.e.m.c.i.e.AbstractTransferListenerAdapter - Downloading https://repo.maven.apache.org/maven2/org/glassfish/jersey/jersey-bom/2.32/jersey-bom-2.32.pom
2020-12-01 21:07:02,600 [Worker-10: Update Maven projects configuration] INFO  o.e.m.c.i.e.AbstractTransferListenerAdapter - Downloaded https://repo.maven.apache.org/maven2/org/glassfish/jersey/jersey-bom/2.32/jersey-bom-2.32.pom
2020-12-01 21:07:02,981 [Worker-10: Update Maven projects configuration] INFO  o.e.m.c.i.e.AbstractTransferListenerAdapter - Downloaded http://public.dhe.ibm.com/ibmdl/export/pub/software/websphere/wasdev/maven/repository/org/eclipse/jetty/jetty-bom/9.4.34.v20201102/jetty-bom-9.4.34.v20201102.pom
2020-12-01 21:07:03,110 [Worker-10: Update Maven projects configuration] INFO  o.e.m.c.i.e.AbstractTransferListenerAdapter - Downloading https://repo.maven.apache.org/maven2/org/eclipse/jetty/jetty-bom/9.4.34.v20201102/jetty-bom-9.4.34.v20201102.pom
2020-12-01 21:07:03,250 [Worker-10: Update Maven projects configuration] INFO  o.e.m.c.i.e.AbstractTransferListenerAdapter - Downloaded https://repo.maven.apache.org/maven2/org/eclipse/jetty/jetty-bom/9.4.34.v20201102/jetty-bom-9.4.34.v20201102.pom
2020-12-01 21:07:03,629 [Worker-10: Update Maven projects configuration] INFO  o.e.m.c.i.e.AbstractTransferListenerAdapter - Downloaded http://public.dhe.ibm.com/ibmdl/export/pub/software/websphere/wasdev/maven/repository/org/jetbrains/kotlin/kotlin-bom/1.4.10/kotlin-bom-1.4.10.pom
2020-12-01 21:07:03,753 [Worker-10: Update Maven projects configuration] INFO  o.e.m.c.i.e.AbstractTransferListenerAdapter - Downloading https://repo.maven.apache.org/maven2/org/jetbrains/kotlin/kotlin-bom/1.4.10/kotlin-bom-1.4.10.pom
2020-12-01 21:07:03,905 [Worker-10: Update Maven projects configuration] INFO  o.e.m.c.i.e.AbstractTransferListenerAdapter - Downloaded https://repo.maven.apache.org/maven2/org/jetbrains/kotlin/kotlin-bom/1.4.10/kotlin-bom-1.4.10.pom
2020-12-01 21:07:04,273 [Worker-10: Update Maven projects configuration] INFO  o.e.m.c.i.e.AbstractTransferListenerAdapter - Downloaded http://public.dhe.ibm.com/ibmdl/export/pub/software/websphere/wasdev/maven/repository/org/jetbrains/kotlinx/kotlinx-coroutines-bom/1.4.1/kotlinx-coroutines-bom-1.4.1.pom
2020-12-01 21:07:04,398 [Worker-10: Update Maven projects configuration] INFO  o.e.m.c.i.e.AbstractTransferListenerAdapter - Downloading https://repo.maven.apache.org/maven2/org/jetbrains/kotlinx/kotlinx-coroutines-bom/1.4.1/kotlinx-coroutines-bom-1.4.1.pom
2020-12-01 21:07:04,525 [Worker-10: Update Maven projects configuration] INFO  o.e.m.c.i.e.AbstractTransferListenerAdapter - Downloaded https://repo.maven.apache.org/maven2/org/jetbrains/kotlinx/kotlinx-coroutines-bom/1.4.1/kotlinx-coroutines-bom-1.4.1.pom
2020-12-01 21:07:04,898 [Worker-10: Update Maven projects configuration] INFO  o.e.m.c.i.e.AbstractTransferListenerAdapter - Downloaded http://public.dhe.ibm.com/ibmdl/export/pub/software/websphere/wasdev/maven/repository/io/micrometer/micrometer-bom/1.6.1/micrometer-bom-1.6.1.pom
2020-12-01 21:07:05,022 [Worker-10: Update Maven projects configuration] INFO  o.e.m.c.i.e.AbstractTransferListenerAdapter - Downloading https://repo.maven.apache.org/maven2/io/micrometer/micrometer-bom/1.6.1/micrometer-bom-1.6.1.pom
2020-12-01 21:07:05,148 [Worker-10: Update Maven projects configuration] INFO  o.e.m.c.i.e.AbstractTransferListenerAdapter - Downloaded https://repo.maven.apache.org/maven2/io/micrometer/micrometer-bom/1.6.1/micrometer-bom-1.6.1.pom
2020-12-01 21:07:05,527 [Worker-10: Update Maven projects configuration] INFO  o.e.m.c.i.e.AbstractTransferListenerAdapter - Downloaded http://public.dhe.ibm.com/ibmdl/export/pub/software/websphere/wasdev/maven/repository/io/netty/netty-bom/4.1.54.Final/netty-bom-4.1.54.Final.pom
2020-12-01 21:07:05,652 [Worker-10: Update Maven projects configuration] INFO  o.e.m.c.i.e.AbstractTransferListenerAdapter - Downloading https://repo.maven.apache.org/maven2/io/netty/netty-bom/4.1.54.Final/netty-bom-4.1.54.Final.pom
2020-12-01 21:07:05,793 [Worker-10: Update Maven projects configuration] INFO  o.e.m.c.i.e.AbstractTransferListenerAdapter - Downloaded https://repo.maven.apache.org/maven2/io/netty/netty-bom/4.1.54.Final/netty-bom-4.1.54.Final.pom
2020-12-01 21:07:06,174 [Worker-10: Update Maven projects configuration] INFO  o.e.m.c.i.e.AbstractTransferListenerAdapter - Downloaded http://public.dhe.ibm.com/ibmdl/export/pub/software/websphere/wasdev/maven/repository/com/oracle/database/jdbc/ojdbc-bom/19.8.0.0/ojdbc-bom-19.8.0.0.pom
2020-12-01 21:07:06,298 [Worker-10: Update Maven projects configuration] INFO  o.e.m.c.i.e.AbstractTransferListenerAdapter - Downloading https://repo.maven.apache.org/maven2/com/oracle/database/jdbc/ojdbc-bom/19.8.0.0/ojdbc-bom-19.8.0.0.pom
2020-12-01 21:07:06,436 [Worker-10: Update Maven projects configuration] INFO  o.e.m.c.i.e.AbstractTransferListenerAdapter - Downloaded https://repo.maven.apache.org/maven2/com/oracle/database/jdbc/ojdbc-bom/19.8.0.0/ojdbc-bom-19.8.0.0.pom
2020-12-01 21:07:06,816 [Worker-10: Update Maven projects configuration] INFO  o.e.m.c.i.e.AbstractTransferListenerAdapter - Downloaded http://public.dhe.ibm.com/ibmdl/export/pub/software/websphere/wasdev/maven/repository/io/r2dbc/r2dbc-bom/Arabba-SR8/r2dbc-bom-Arabba-SR8.pom
2020-12-01 21:07:06,940 [Worker-10: Update Maven projects configuration] INFO  o.e.m.c.i.e.AbstractTransferListenerAdapter - Downloading https://repo.maven.apache.org/maven2/io/r2dbc/r2dbc-bom/Arabba-SR8/r2dbc-bom-Arabba-SR8.pom
2020-12-01 21:07:07,067 [Worker-10: Update Maven projects configuration] INFO  o.e.m.c.i.e.AbstractTransferListenerAdapter - Downloaded https://repo.maven.apache.org/maven2/io/r2dbc/r2dbc-bom/Arabba-SR8/r2dbc-bom-Arabba-SR8.pom
2020-12-01 21:07:07,461 [Worker-10: Update Maven projects configuration] INFO  o.e.m.c.i.e.AbstractTransferListenerAdapter - Downloaded http://public.dhe.ibm.com/ibmdl/export/pub/software/websphere/wasdev/maven/repository/io/projectreactor/reactor-bom/2020.0.1/reactor-bom-2020.0.1.pom
2020-12-01 21:07:07,589 [Worker-10: Update Maven projects configuration] INFO  o.e.m.c.i.e.AbstractTransferListenerAdapter - Downloading https://repo.maven.apache.org/maven2/io/projectreactor/reactor-bom/2020.0.1/reactor-bom-2020.0.1.pom
2020-12-01 21:07:07,713 [Worker-10: Update Maven projects configuration] INFO  o.e.m.c.i.e.AbstractTransferListenerAdapter - Downloaded https://repo.maven.apache.org/maven2/io/projectreactor/reactor-bom/2020.0.1/reactor-bom-2020.0.1.pom
2020-12-01 21:07:08,093 [Worker-10: Update Maven projects configuration] INFO  o.e.m.c.i.e.AbstractTransferListenerAdapter - Downloaded http://public.dhe.ibm.com/ibmdl/export/pub/software/websphere/wasdev/maven/repository/io/rsocket/rsocket-bom/1.1.0/rsocket-bom-1.1.0.pom
2020-12-01 21:07:08,218 [Worker-10: Update Maven projects configuration] INFO  o.e.m.c.i.e.AbstractTransferListenerAdapter - Downloading https://repo.maven.apache.org/maven2/io/rsocket/rsocket-bom/1.1.0/rsocket-bom-1.1.0.pom
2020-12-01 21:07:08,360 [Worker-10: Update Maven projects configuration] INFO  o.e.m.c.i.e.AbstractTransferListenerAdapter - Downloaded https://repo.maven.apache.org/maven2/io/rsocket/rsocket-bom/1.1.0/rsocket-bom-1.1.0.pom
2020-12-01 21:07:08,737 [Worker-10: Update Maven projects configuration] INFO  o.e.m.c.i.e.AbstractTransferListenerAdapter - Downloaded http://public.dhe.ibm.com/ibmdl/export/pub/software/websphere/wasdev/maven/repository/org/springframework/data/spring-data-bom/2020.0.1/spring-data-bom-2020.0.1.pom
2020-12-01 21:07:08,861 [Worker-10: Update Maven projects configuration] INFO  o.e.m.c.i.e.AbstractTransferListenerAdapter - Downloading https://repo.maven.apache.org/maven2/org/springframework/data/spring-data-bom/2020.0.1/spring-data-bom-2020.0.1.pom
2020-12-01 21:07:08,991 [Worker-10: Update Maven projects configuration] INFO  o.e.m.c.i.e.AbstractTransferListenerAdapter - Downloaded https://repo.maven.apache.org/maven2/org/springframework/data/spring-data-bom/2020.0.1/spring-data-bom-2020.0.1.pom
2020-12-01 21:07:09,364 [Worker-10: Update Maven projects configuration] INFO  o.e.m.c.i.e.AbstractTransferListenerAdapter - Downloaded http://public.dhe.ibm.com/ibmdl/export/pub/software/websphere/wasdev/maven/repository/org/springframework/spring-framework-bom/5.3.1/spring-framework-bom-5.3.1.pom
2020-12-01 21:07:09,492 [Worker-10: Update Maven projects configuration] INFO  o.e.m.c.i.e.AbstractTransferListenerAdapter - Downloading https://repo.maven.apache.org/maven2/org/springframework/spring-framework-bom/5.3.1/spring-framework-bom-5.3.1.pom
2020-12-01 21:07:09,614 [Worker-10: Update Maven projects configuration] INFO  o.e.m.c.i.e.AbstractTransferListenerAdapter - Downloaded https://repo.maven.apache.org/maven2/org/springframework/spring-framework-bom/5.3.1/spring-framework-bom-5.3.1.pom
2020-12-01 21:07:09,993 [Worker-10: Update Maven projects configuration] INFO  o.e.m.c.i.e.AbstractTransferListenerAdapter - Downloaded http://public.dhe.ibm.com/ibmdl/export/pub/software/websphere/wasdev/maven/repository/org/springframework/integration/spring-integration-bom/5.4.1/spring-integration-bom-5.4.1.pom
2020-12-01 21:07:10,156 [Worker-10: Update Maven projects configuration] INFO  o.e.m.c.i.e.AbstractTransferListenerAdapter - Downloading https://repo.maven.apache.org/maven2/org/springframework/integration/spring-integration-bom/5.4.1/spring-integration-bom-5.4.1.pom
2020-12-01 21:07:10,328 [Worker-10: Update Maven projects configuration] INFO  o.e.m.c.i.e.AbstractTransferListenerAdapter - Downloaded https://repo.maven.apache.org/maven2/org/springframework/integration/spring-integration-bom/5.4.1/spring-integration-bom-5.4.1.pom
2020-12-01 21:07:10,738 [Worker-10: Update Maven projects configuration] INFO  o.e.m.c.i.e.AbstractTransferListenerAdapter - Downloaded http://public.dhe.ibm.com/ibmdl/export/pub/software/websphere/wasdev/maven/repository/org/springframework/security/spring-security-bom/5.4.1/spring-security-bom-5.4.1.pom
2020-12-01 21:07:11,018 [Worker-10: Update Maven projects configuration] INFO  o.e.m.c.i.e.AbstractTransferListenerAdapter - Downloading https://repo.maven.apache.org/maven2/org/springframework/security/spring-security-bom/5.4.1/spring-security-bom-5.4.1.pom
2020-12-01 21:07:11,169 [Worker-10: Update Maven projects configuration] INFO  o.e.m.c.i.e.AbstractTransferListenerAdapter - Downloaded https://repo.maven.apache.org/maven2/org/springframework/security/spring-security-bom/5.4.1/spring-security-bom-5.4.1.pom
2020-12-01 21:07:11,559 [Worker-10: Update Maven projects configuration] INFO  o.e.m.c.i.e.AbstractTransferListenerAdapter - Downloaded http://public.dhe.ibm.com/ibmdl/export/pub/software/websphere/wasdev/maven/repository/org/springframework/session/spring-session-bom/2020.0.1/spring-session-bom-2020.0.1.pom
2020-12-01 21:07:11,698 [Worker-10: Update Maven projects configuration] INFO  o.e.m.c.i.e.AbstractTransferListenerAdapter - Downloading https://repo.maven.apache.org/maven2/org/springframework/session/spring-session-bom/2020.0.1/spring-session-bom-2020.0.1.pom
2020-12-01 21:07:11,828 [Worker-10: Update Maven projects configuration] INFO  o.e.m.c.i.e.AbstractTransferListenerAdapter - Downloaded https://repo.maven.apache.org/maven2/org/springframework/session/spring-session-bom/2020.0.1/spring-session-bom-2020.0.1.pom
2020-12-01 21:07:13,706 [Worker-10: Update Maven projects configuration] INFO  o.e.m.c.i.e.AbstractTransferListenerAdapter - Downloaded http://public.dhe.ibm.com/ibmdl/export/pub/software/websphere/wasdev/maven/repository/org/springframework/boot/spring-boot-maven-plugin/2.4.0/spring-boot-maven-plugin-2.4.0.pom
2020-12-01 21:07:14,076 [Worker-10: Update Maven projects configuration] INFO  o.e.m.c.i.e.AbstractTransferListenerAdapter - Downloading https://repo.maven.apache.org/maven2/org/springframework/boot/spring-boot-maven-plugin/2.4.0/spring-boot-maven-plugin-2.4.0.pom
2020-12-01 21:07:14,200 [Worker-10: Update Maven projects configuration] INFO  o.e.m.c.i.e.AbstractTransferListenerAdapter - Downloaded https://repo.maven.apache.org/maven2/org/springframework/boot/spring-boot-maven-plugin/2.4.0/spring-boot-maven-plugin-2.4.0.pom
2020-12-01 21:07:14,575 [Worker-10: Update Maven projects configuration] INFO  o.e.m.c.i.e.AbstractTransferListenerAdapter - Downloaded http://public.dhe.ibm.com/ibmdl/export/pub/software/websphere/wasdev/maven/repository/org/springframework/boot/spring-boot-maven-plugin/2.4.0/spring-boot-maven-plugin-2.4.0.jar
2020-12-01 21:07:14,700 [Worker-10: Update Maven projects configuration] INFO  o.e.m.c.i.e.AbstractTransferListenerAdapter - Downloading https://repo.maven.apache.org/maven2/org/springframework/boot/spring-boot-maven-plugin/2.4.0/spring-boot-maven-plugin-2.4.0.jar
2020-12-01 21:07:15,037 [Worker-10: Update Maven projects configuration] INFO  o.e.m.c.i.e.AbstractTransferListenerAdapter - Downloaded https://repo.maven.apache.org/maven2/org/springframework/boot/spring-boot-maven-plugin/2.4.0/spring-boot-maven-plugin-2.4.0.jar
2020-12-01 21:07:16,163 [Worker-10: Update Maven projects configuration] INFO  o.e.m.c.i.e.AbstractTransferListenerAdapter - Downloaded http://public.dhe.ibm.com/ibmdl/export/pub/software/websphere/wasdev/maven/repository/org/apache/maven/plugins/maven-resources-plugin/3.2.0/maven-resources-plugin-3.2.0.jar
2020-12-01 21:07:16,287 [Worker-10: Update Maven projects configuration] INFO  o.e.m.c.i.e.AbstractTransferListenerAdapter - Downloading https://repo.maven.apache.org/maven2/org/apache/maven/plugins/maven-resources-plugin/3.2.0/maven-resources-plugin-3.2.0.jar
2020-12-01 21:07:16,441 [Worker-10: Update Maven projects configuration] INFO  o.e.m.c.i.e.AbstractTransferListenerAdapter - Downloaded https://repo.maven.apache.org/maven2/org/apache/maven/plugins/maven-resources-plugin/3.2.0/maven-resources-plugin-3.2.0.jar
2020-12-01 21:07:20,451 [Worker-10: Update Maven projects configuration] INFO  o.e.m.c.i.l.LifecycleMappingFactory - Using org.eclipse.m2e.jdt.JarLifecycleMapping lifecycle mapping for MavenProject: br.com.evandrorenan:web3270-scripts:0.0.1-SNAPSHOT @ C:\web3270\backend\web3270-scripts\pom.xml.
2020-12-01 21:07:20,854 [Worker-10: Update Maven projects configuration] INFO  o.e.m.c.i.e.AbstractTransferListenerAdapter - Downloaded http://public.dhe.ibm.com/ibmdl/export/pub/software/websphere/wasdev/maven/repository/org/springframework/boot/spring-boot-starter/2.4.0/spring-boot-starter-2.4.0.pom
2020-12-01 21:07:20,982 [Worker-10: Update Maven projects configuration] INFO  o.e.m.c.i.e.AbstractTransferListenerAdapter - Downloading https://repo.maven.apache.org/maven2/org/springframework/boot/spring-boot-starter/2.4.0/spring-boot-starter-2.4.0.pom
2020-12-01 21:07:21,114 [Worker-10: Update Maven projects configuration] INFO  o.e.m.c.i.e.AbstractTransferListenerAdapter - Downloaded https://repo.maven.apache.org/maven2/org/springframework/boot/spring-boot-starter/2.4.0/spring-boot-starter-2.4.0.pom
2020-12-01 21:07:21,487 [Worker-10: Update Maven projects configuration] INFO  o.e.m.c.i.e.AbstractTransferListenerAdapter - Downloaded http://public.dhe.ibm.com/ibmdl/export/pub/software/websphere/wasdev/maven/repository/org/springframework/boot/spring-boot/2.4.0/spring-boot-2.4.0.pom
2020-12-01 21:07:21,615 [Worker-10: Update Maven projects configuration] INFO  o.e.m.c.i.e.AbstractTransferListenerAdapter - Downloading https://repo.maven.apache.org/maven2/org/springframework/boot/spring-boot/2.4.0/spring-boot-2.4.0.pom
2020-12-01 21:07:21,748 [Worker-10: Update Maven projects configuration] INFO  o.e.m.c.i.e.AbstractTransferListenerAdapter - Downloaded https://repo.maven.apache.org/maven2/org/springframework/boot/spring-boot/2.4.0/spring-boot-2.4.0.pom
2020-12-01 21:07:22,127 [Worker-10: Update Maven projects configuration] INFO  o.e.m.c.i.e.AbstractTransferListenerAdapter - Downloaded http://public.dhe.ibm.com/ibmdl/export/pub/software/websphere/wasdev/maven/repository/org/springframework/spring-core/5.3.1/spring-core-5.3.1.pom
2020-12-01 21:07:22,249 [Worker-10: Update Maven projects configuration] INFO  o.e.m.c.i.e.AbstractTransferListenerAdapter - Downloading https://repo.maven.apache.org/maven2/org/springframework/spring-core/5.3.1/spring-core-5.3.1.pom
2020-12-01 21:07:22,375 [Worker-10: Update Maven projects configuration] INFO  o.e.m.c.i.e.AbstractTransferListenerAdapter - Downloaded https://repo.maven.apache.org/maven2/org/springframework/spring-core/5.3.1/spring-core-5.3.1.pom
2020-12-01 21:07:22,739 [Worker-10: Update Maven projects configuration] INFO  o.e.m.c.i.e.AbstractTransferListenerAdapter - Downloaded http://public.dhe.ibm.com/ibmdl/export/pub/software/websphere/wasdev/maven/repository/org/springframework/spring-jcl/5.3.1/spring-jcl-5.3.1.pom
2020-12-01 21:07:22,861 [Worker-10: Update Maven projects configuration] INFO  o.e.m.c.i.e.AbstractTransferListenerAdapter - Downloading https://repo.maven.apache.org/maven2/org/springframework/spring-jcl/5.3.1/spring-jcl-5.3.1.pom
2020-12-01 21:07:22,983 [Worker-10: Update Maven projects configuration] INFO  o.e.m.c.i.e.AbstractTransferListenerAdapter - Downloaded https://repo.maven.apache.org/maven2/org/springframework/spring-jcl/5.3.1/spring-jcl-5.3.1.pom
2020-12-01 21:07:23,350 [Worker-10: Update Maven projects configuration] INFO  o.e.m.c.i.e.AbstractTransferListenerAdapter - Downloaded http://public.dhe.ibm.com/ibmdl/export/pub/software/websphere/wasdev/maven/repository/org/springframework/spring-context/5.3.1/spring-context-5.3.1.pom
2020-12-01 21:07:23,473 [Worker-10: Update Maven projects configuration] INFO  o.e.m.c.i.e.AbstractTransferListenerAdapter - Downloading https://repo.maven.apache.org/maven2/org/springframework/spring-context/5.3.1/spring-context-5.3.1.pom
2020-12-01 21:07:23,594 [Worker-10: Update Maven projects configuration] INFO  o.e.m.c.i.e.AbstractTransferListenerAdapter - Downloaded https://repo.maven.apache.org/maven2/org/springframework/spring-context/5.3.1/spring-context-5.3.1.pom
2020-12-01 21:07:23,963 [Worker-10: Update Maven projects configuration] INFO  o.e.m.c.i.e.AbstractTransferListenerAdapter - Downloaded http://public.dhe.ibm.com/ibmdl/export/pub/software/websphere/wasdev/maven/repository/org/springframework/spring-aop/5.3.1/spring-aop-5.3.1.pom
2020-12-01 21:07:24,085 [Worker-10: Update Maven projects configuration] INFO  o.e.m.c.i.e.AbstractTransferListenerAdapter - Downloading https://repo.maven.apache.org/maven2/org/springframework/spring-aop/5.3.1/spring-aop-5.3.1.pom
2020-12-01 21:07:24,208 [Worker-10: Update Maven projects configuration] INFO  o.e.m.c.i.e.AbstractTransferListenerAdapter - Downloaded https://repo.maven.apache.org/maven2/org/springframework/spring-aop/5.3.1/spring-aop-5.3.1.pom
2020-12-01 21:07:24,571 [Worker-10: Update Maven projects configuration] INFO  o.e.m.c.i.e.AbstractTransferListenerAdapter - Downloaded http://public.dhe.ibm.com/ibmdl/export/pub/software/websphere/wasdev/maven/repository/org/springframework/spring-beans/5.3.1/spring-beans-5.3.1.pom
2020-12-01 21:07:24,691 [Worker-10: Update Maven projects configuration] INFO  o.e.m.c.i.e.AbstractTransferListenerAdapter - Downloading https://repo.maven.apache.org/maven2/org/springframework/spring-beans/5.3.1/spring-beans-5.3.1.pom
2020-12-01 21:07:24,813 [Worker-10: Update Maven projects configuration] INFO  o.e.m.c.i.e.AbstractTransferListenerAdapter - Downloaded https://repo.maven.apache.org/maven2/org/springframework/spring-beans/5.3.1/spring-beans-5.3.1.pom
2020-12-01 21:07:25,178 [Worker-10: Update Maven projects configuration] INFO  o.e.m.c.i.e.AbstractTransferListenerAdapter - Downloaded http://public.dhe.ibm.com/ibmdl/export/pub/software/websphere/wasdev/maven/repository/org/springframework/spring-expression/5.3.1/spring-expression-5.3.1.pom
2020-12-01 21:07:25,298 [Worker-10: Update Maven projects configuration] INFO  o.e.m.c.i.e.AbstractTransferListenerAdapter - Downloading https://repo.maven.apache.org/maven2/org/springframework/spring-expression/5.3.1/spring-expression-5.3.1.pom
2020-12-01 21:07:25,421 [Worker-10: Update Maven projects configuration] INFO  o.e.m.c.i.e.AbstractTransferListenerAdapter - Downloaded https://repo.maven.apache.org/maven2/org/springframework/spring-expression/5.3.1/spring-expression-5.3.1.pom
2020-12-01 21:07:25,796 [Worker-10: Update Maven projects configuration] INFO  o.e.m.c.i.e.AbstractTransferListenerAdapter - Downloaded http://public.dhe.ibm.com/ibmdl/export/pub/software/websphere/wasdev/maven/repository/org/springframework/boot/spring-boot-autoconfigure/2.4.0/spring-boot-autoconfigure-2.4.0.pom
2020-12-01 21:07:25,919 [Worker-10: Update Maven projects configuration] INFO  o.e.m.c.i.e.AbstractTransferListenerAdapter - Downloading https://repo.maven.apache.org/maven2/org/springframework/boot/spring-boot-autoconfigure/2.4.0/spring-boot-autoconfigure-2.4.0.pom
2020-12-01 21:07:26,040 [Worker-10: Update Maven projects configuration] INFO  o.e.m.c.i.e.AbstractTransferListenerAdapter - Downloaded https://repo.maven.apache.org/maven2/org/springframework/boot/spring-boot-autoconfigure/2.4.0/spring-boot-autoconfigure-2.4.0.pom
2020-12-01 21:07:26,402 [Worker-10: Update Maven projects configuration] INFO  o.e.m.c.i.e.AbstractTransferListenerAdapter - Downloaded http://public.dhe.ibm.com/ibmdl/export/pub/software/websphere/wasdev/maven/repository/org/springframework/boot/spring-boot-starter-logging/2.4.0/spring-boot-starter-logging-2.4.0.pom
2020-12-01 21:07:26,523 [Worker-10: Update Maven projects configuration] INFO  o.e.m.c.i.e.AbstractTransferListenerAdapter - Downloading https://repo.maven.apache.org/maven2/org/springframework/boot/spring-boot-starter-logging/2.4.0/spring-boot-starter-logging-2.4.0.pom
2020-12-01 21:07:26,646 [Worker-10: Update Maven projects configuration] INFO  o.e.m.c.i.e.AbstractTransferListenerAdapter - Downloaded https://repo.maven.apache.org/maven2/org/springframework/boot/spring-boot-starter-logging/2.4.0/spring-boot-starter-logging-2.4.0.pom
2020-12-01 21:07:27,060 [Worker-10: Update Maven projects configuration] INFO  o.e.m.c.i.e.AbstractTransferListenerAdapter - Downloaded http://public.dhe.ibm.com/ibmdl/export/pub/software/websphere/wasdev/maven/repository/org/yaml/snakeyaml/1.27/snakeyaml-1.27.pom
2020-12-01 21:07:27,182 [Worker-10: Update Maven projects configuration] INFO  o.e.m.c.i.e.AbstractTransferListenerAdapter - Downloading https://repo.maven.apache.org/maven2/org/yaml/snakeyaml/1.27/snakeyaml-1.27.pom
2020-12-01 21:07:27,337 [Worker-10: Update Maven projects configuration] INFO  o.e.m.c.i.e.AbstractTransferListenerAdapter - Downloaded https://repo.maven.apache.org/maven2/org/yaml/snakeyaml/1.27/snakeyaml-1.27.pom
2020-12-01 21:07:27,700 [Worker-10: Update Maven projects configuration] INFO  o.e.m.c.i.e.AbstractTransferListenerAdapter - Downloaded http://public.dhe.ibm.com/ibmdl/export/pub/software/websphere/wasdev/maven/repository/org/springframework/boot/spring-boot-starter-test/2.4.0/spring-boot-starter-test-2.4.0.pom
2020-12-01 21:07:27,823 [Worker-10: Update Maven projects configuration] INFO  o.e.m.c.i.e.AbstractTransferListenerAdapter - Downloading https://repo.maven.apache.org/maven2/org/springframework/boot/spring-boot-starter-test/2.4.0/spring-boot-starter-test-2.4.0.pom
2020-12-01 21:07:27,949 [Worker-10: Update Maven projects configuration] INFO  o.e.m.c.i.e.AbstractTransferListenerAdapter - Downloaded https://repo.maven.apache.org/maven2/org/springframework/boot/spring-boot-starter-test/2.4.0/spring-boot-starter-test-2.4.0.pom
2020-12-01 21:07:28,311 [Worker-10: Update Maven projects configuration] INFO  o.e.m.c.i.e.AbstractTransferListenerAdapter - Downloaded http://public.dhe.ibm.com/ibmdl/export/pub/software/websphere/wasdev/maven/repository/org/springframework/boot/spring-boot-test/2.4.0/spring-boot-test-2.4.0.pom
2020-12-01 21:07:28,436 [Worker-10: Update Maven projects configuration] INFO  o.e.m.c.i.e.AbstractTransferListenerAdapter - Downloading https://repo.maven.apache.org/maven2/org/springframework/boot/spring-boot-test/2.4.0/spring-boot-test-2.4.0.pom
2020-12-01 21:07:28,560 [Worker-10: Update Maven projects configuration] INFO  o.e.m.c.i.e.AbstractTransferListenerAdapter - Downloaded https://repo.maven.apache.org/maven2/org/springframework/boot/spring-boot-test/2.4.0/spring-boot-test-2.4.0.pom
2020-12-01 21:07:28,925 [Worker-10: Update Maven projects configuration] INFO  o.e.m.c.i.e.AbstractTransferListenerAdapter - Downloaded http://public.dhe.ibm.com/ibmdl/export/pub/software/websphere/wasdev/maven/repository/org/springframework/boot/spring-boot-test-autoconfigure/2.4.0/spring-boot-test-autoconfigure-2.4.0.pom
2020-12-01 21:07:29,049 [Worker-10: Update Maven projects configuration] INFO  o.e.m.c.i.e.AbstractTransferListenerAdapter - Downloading https://repo.maven.apache.org/maven2/org/springframework/boot/spring-boot-test-autoconfigure/2.4.0/spring-boot-test-autoconfigure-2.4.0.pom
2020-12-01 21:07:29,171 [Worker-10: Update Maven projects configuration] INFO  o.e.m.c.i.e.AbstractTransferListenerAdapter - Downloaded https://repo.maven.apache.org/maven2/org/springframework/boot/spring-boot-test-autoconfigure/2.4.0/spring-boot-test-autoconfigure-2.4.0.pom
2020-12-01 21:07:29,566 [Worker-10: Update Maven projects configuration] INFO  o.e.m.c.i.e.AbstractTransferListenerAdapter - Downloaded http://public.dhe.ibm.com/ibmdl/export/pub/software/websphere/wasdev/maven/repository/org/assertj/assertj-core/3.18.1/assertj-core-3.18.1.pom
2020-12-01 21:07:29,688 [Worker-10: Update Maven projects configuration] INFO  o.e.m.c.i.e.AbstractTransferListenerAdapter - Downloading https://repo.maven.apache.org/maven2/org/assertj/assertj-core/3.18.1/assertj-core-3.18.1.pom
2020-12-01 21:07:29,825 [Worker-10: Update Maven projects configuration] INFO  o.e.m.c.i.e.AbstractTransferListenerAdapter - Downloaded https://repo.maven.apache.org/maven2/org/assertj/assertj-core/3.18.1/assertj-core-3.18.1.pom
2020-12-01 21:07:30,189 [Worker-10: Update Maven projects configuration] INFO  o.e.m.c.i.e.AbstractTransferListenerAdapter - Downloaded http://public.dhe.ibm.com/ibmdl/export/pub/software/websphere/wasdev/maven/repository/org/assertj/assertj-parent-pom/2.2.8/assertj-parent-pom-2.2.8.pom
2020-12-01 21:07:30,313 [Worker-10: Update Maven projects configuration] INFO  o.e.m.c.i.e.AbstractTransferListenerAdapter - Downloading https://repo.maven.apache.org/maven2/org/assertj/assertj-parent-pom/2.2.8/assertj-parent-pom-2.2.8.pom
2020-12-01 21:07:30,458 [Worker-10: Update Maven projects configuration] INFO  o.e.m.c.i.e.AbstractTransferListenerAdapter - Downloaded https://repo.maven.apache.org/maven2/org/assertj/assertj-parent-pom/2.2.8/assertj-parent-pom-2.2.8.pom
2020-12-01 21:07:30,827 [Worker-10: Update Maven projects configuration] INFO  o.e.m.c.i.e.AbstractTransferListenerAdapter - Downloaded http://public.dhe.ibm.com/ibmdl/export/pub/software/websphere/wasdev/maven/repository/org/junit/junit-bom/5.6.3/junit-bom-5.6.3.pom
2020-12-01 21:07:30,949 [Worker-10: Update Maven projects configuration] INFO  o.e.m.c.i.e.AbstractTransferListenerAdapter - Downloading https://repo.maven.apache.org/maven2/org/junit/junit-bom/5.6.3/junit-bom-5.6.3.pom
2020-12-01 21:07:31,073 [Worker-10: Update Maven projects configuration] INFO  o.e.m.c.i.e.AbstractTransferListenerAdapter - Downloaded https://repo.maven.apache.org/maven2/org/junit/junit-bom/5.6.3/junit-bom-5.6.3.pom
2020-12-01 21:07:31,438 [Worker-10: Update Maven projects configuration] INFO  o.e.m.c.i.e.AbstractTransferListenerAdapter - Downloaded http://public.dhe.ibm.com/ibmdl/export/pub/software/websphere/wasdev/maven/repository/org/junit/jupiter/junit-jupiter/5.7.0/junit-jupiter-5.7.0.pom
2020-12-01 21:07:31,559 [Worker-10: Update Maven projects configuration] INFO  o.e.m.c.i.e.AbstractTransferListenerAdapter - Downloading https://repo.maven.apache.org/maven2/org/junit/jupiter/junit-jupiter/5.7.0/junit-jupiter-5.7.0.pom
2020-12-01 21:07:31,682 [Worker-10: Update Maven projects configuration] INFO  o.e.m.c.i.e.AbstractTransferListenerAdapter - Downloaded https://repo.maven.apache.org/maven2/org/junit/jupiter/junit-jupiter/5.7.0/junit-jupiter-5.7.0.pom
2020-12-01 21:07:32,048 [Worker-10: Update Maven projects configuration] INFO  o.e.m.c.i.e.AbstractTransferListenerAdapter - Downloaded http://public.dhe.ibm.com/ibmdl/export/pub/software/websphere/wasdev/maven/repository/org/junit/jupiter/junit-jupiter-api/5.7.0/junit-jupiter-api-5.7.0.pom
2020-12-01 21:07:32,182 [Worker-10: Update Maven projects configuration] INFO  o.e.m.c.i.e.AbstractTransferListenerAdapter - Downloading https://repo.maven.apache.org/maven2/org/junit/jupiter/junit-jupiter-api/5.7.0/junit-jupiter-api-5.7.0.pom
2020-12-01 21:07:32,303 [Worker-10: Update Maven projects configuration] INFO  o.e.m.c.i.e.AbstractTransferListenerAdapter - Downloaded https://repo.maven.apache.org/maven2/org/junit/jupiter/junit-jupiter-api/5.7.0/junit-jupiter-api-5.7.0.pom
2020-12-01 21:07:32,676 [Worker-10: Update Maven projects configuration] INFO  o.e.m.c.i.e.AbstractTransferListenerAdapter - Downloaded http://public.dhe.ibm.com/ibmdl/export/pub/software/websphere/wasdev/maven/repository/org/junit/platform/junit-platform-commons/1.7.0/junit-platform-commons-1.7.0.pom
2020-12-01 21:07:32,805 [Worker-10: Update Maven projects configuration] INFO  o.e.m.c.i.e.AbstractTransferListenerAdapter - Downloading https://repo.maven.apache.org/maven2/org/junit/platform/junit-platform-commons/1.7.0/junit-platform-commons-1.7.0.pom
2020-12-01 21:07:32,932 [Worker-10: Update Maven projects configuration] INFO  o.e.m.c.i.e.AbstractTransferListenerAdapter - Downloaded https://repo.maven.apache.org/maven2/org/junit/platform/junit-platform-commons/1.7.0/junit-platform-commons-1.7.0.pom
2020-12-01 21:07:33,296 [Worker-10: Update Maven projects configuration] INFO  o.e.m.c.i.e.AbstractTransferListenerAdapter - Downloaded http://public.dhe.ibm.com/ibmdl/export/pub/software/websphere/wasdev/maven/repository/org/junit/jupiter/junit-jupiter-params/5.7.0/junit-jupiter-params-5.7.0.pom
2020-12-01 21:07:33,417 [Worker-10: Update Maven projects configuration] INFO  o.e.m.c.i.e.AbstractTransferListenerAdapter - Downloading https://repo.maven.apache.org/maven2/org/junit/jupiter/junit-jupiter-params/5.7.0/junit-jupiter-params-5.7.0.pom
2020-12-01 21:07:33,541 [Worker-10: Update Maven projects configuration] INFO  o.e.m.c.i.e.AbstractTransferListenerAdapter - Downloaded https://repo.maven.apache.org/maven2/org/junit/jupiter/junit-jupiter-params/5.7.0/junit-jupiter-params-5.7.0.pom
2020-12-01 21:07:33,905 [Worker-10: Update Maven projects configuration] INFO  o.e.m.c.i.e.AbstractTransferListenerAdapter - Downloaded http://public.dhe.ibm.com/ibmdl/export/pub/software/websphere/wasdev/maven/repository/org/junit/jupiter/junit-jupiter-engine/5.7.0/junit-jupiter-engine-5.7.0.pom
2020-12-01 21:07:34,025 [Worker-10: Update Maven projects configuration] INFO  o.e.m.c.i.e.AbstractTransferListenerAdapter - Downloading https://repo.maven.apache.org/maven2/org/junit/jupiter/junit-jupiter-engine/5.7.0/junit-jupiter-engine-5.7.0.pom
2020-12-01 21:07:34,153 [Worker-10: Update Maven projects configuration] INFO  o.e.m.c.i.e.AbstractTransferListenerAdapter - Downloaded https://repo.maven.apache.org/maven2/org/junit/jupiter/junit-jupiter-engine/5.7.0/junit-jupiter-engine-5.7.0.pom
2020-12-01 21:07:34,523 [Worker-10: Update Maven projects configuration] INFO  o.e.m.c.i.e.AbstractTransferListenerAdapter - Downloaded http://public.dhe.ibm.com/ibmdl/export/pub/software/websphere/wasdev/maven/repository/org/junit/platform/junit-platform-engine/1.7.0/junit-platform-engine-1.7.0.pom
2020-12-01 21:07:34,647 [Worker-10: Update Maven projects configuration] INFO  o.e.m.c.i.e.AbstractTransferListenerAdapter - Downloading https://repo.maven.apache.org/maven2/org/junit/platform/junit-platform-engine/1.7.0/junit-platform-engine-1.7.0.pom
2020-12-01 21:07:34,769 [Worker-10: Update Maven projects configuration] INFO  o.e.m.c.i.e.AbstractTransferListenerAdapter - Downloaded https://repo.maven.apache.org/maven2/org/junit/platform/junit-platform-engine/1.7.0/junit-platform-engine-1.7.0.pom
2020-12-01 21:07:35,135 [Worker-10: Update Maven projects configuration] INFO  o.e.m.c.i.e.AbstractTransferListenerAdapter - Downloaded http://public.dhe.ibm.com/ibmdl/export/pub/software/websphere/wasdev/maven/repository/org/mockito/mockito-core/3.6.0/mockito-core-3.6.0.pom
2020-12-01 21:07:35,263 [Worker-10: Update Maven projects configuration] INFO  o.e.m.c.i.e.AbstractTransferListenerAdapter - Downloading https://repo.maven.apache.org/maven2/org/mockito/mockito-core/3.6.0/mockito-core-3.6.0.pom
2020-12-01 21:07:35,401 [Worker-10: Update Maven projects configuration] INFO  o.e.m.c.i.e.AbstractTransferListenerAdapter - Downloaded https://repo.maven.apache.org/maven2/org/mockito/mockito-core/3.6.0/mockito-core-3.6.0.pom
2020-12-01 21:07:35,971 [Worker-10: Update Maven projects configuration] INFO  o.e.m.c.i.e.AbstractTransferListenerAdapter - Downloaded http://public.dhe.ibm.com/ibmdl/export/pub/software/websphere/wasdev/maven/repository/net/bytebuddy/byte-buddy/1.10.18/byte-buddy-1.10.18.pom
2020-12-01 21:07:36,093 [Worker-10: Update Maven projects configuration] INFO  o.e.m.c.i.e.AbstractTransferListenerAdapter - Downloading https://repo.maven.apache.org/maven2/net/bytebuddy/byte-buddy/1.10.18/byte-buddy-1.10.18.pom
2020-12-01 21:07:36,228 [Worker-10: Update Maven projects configuration] INFO  o.e.m.c.i.e.AbstractTransferListenerAdapter - Downloaded https://repo.maven.apache.org/maven2/net/bytebuddy/byte-buddy/1.10.18/byte-buddy-1.10.18.pom
2020-12-01 21:07:36,591 [Worker-10: Update Maven projects configuration] INFO  o.e.m.c.i.e.AbstractTransferListenerAdapter - Downloaded http://public.dhe.ibm.com/ibmdl/export/pub/software/websphere/wasdev/maven/repository/net/bytebuddy/byte-buddy-parent/1.10.18/byte-buddy-parent-1.10.18.pom
2020-12-01 21:07:36,714 [Worker-10: Update Maven projects configuration] INFO  o.e.m.c.i.e.AbstractTransferListenerAdapter - Downloading https://repo.maven.apache.org/maven2/net/bytebuddy/byte-buddy-parent/1.10.18/byte-buddy-parent-1.10.18.pom
2020-12-01 21:07:36,866 [Worker-10: Update Maven projects configuration] INFO  o.e.m.c.i.e.AbstractTransferListenerAdapter - Downloaded https://repo.maven.apache.org/maven2/net/bytebuddy/byte-buddy-parent/1.10.18/byte-buddy-parent-1.10.18.pom
2020-12-01 21:07:37,233 [Worker-10: Update Maven projects configuration] INFO  o.e.m.c.i.e.AbstractTransferListenerAdapter - Downloaded http://public.dhe.ibm.com/ibmdl/export/pub/software/websphere/wasdev/maven/repository/net/bytebuddy/byte-buddy-agent/1.10.18/byte-buddy-agent-1.10.18.pom
2020-12-01 21:07:37,357 [Worker-10: Update Maven projects configuration] INFO  o.e.m.c.i.e.AbstractTransferListenerAdapter - Downloading https://repo.maven.apache.org/maven2/net/bytebuddy/byte-buddy-agent/1.10.18/byte-buddy-agent-1.10.18.pom
2020-12-01 21:07:38,035 [Worker-10: Update Maven projects configuration] INFO  o.e.m.c.i.e.AbstractTransferListenerAdapter - Downloaded https://repo.maven.apache.org/maven2/net/bytebuddy/byte-buddy-agent/1.10.18/byte-buddy-agent-1.10.18.pom
2020-12-01 21:07:38,407 [Worker-10: Update Maven projects configuration] INFO  o.e.m.c.i.e.AbstractTransferListenerAdapter - Downloaded http://public.dhe.ibm.com/ibmdl/export/pub/software/websphere/wasdev/maven/repository/org/objenesis/objenesis/3.1/objenesis-3.1.pom
2020-12-01 21:07:38,534 [Worker-10: Update Maven projects configuration] INFO  o.e.m.c.i.e.AbstractTransferListenerAdapter - Downloading https://repo.maven.apache.org/maven2/org/objenesis/objenesis/3.1/objenesis-3.1.pom
2020-12-01 21:07:38,667 [Worker-10: Update Maven projects configuration] INFO  o.e.m.c.i.e.AbstractTransferListenerAdapter - Downloaded https://repo.maven.apache.org/maven2/org/objenesis/objenesis/3.1/objenesis-3.1.pom
2020-12-01 21:07:39,030 [Worker-10: Update Maven projects configuration] INFO  o.e.m.c.i.e.AbstractTransferListenerAdapter - Downloaded http://public.dhe.ibm.com/ibmdl/export/pub/software/websphere/wasdev/maven/repository/org/objenesis/objenesis-parent/3.1/objenesis-parent-3.1.pom
2020-12-01 21:07:39,152 [Worker-10: Update Maven projects configuration] INFO  o.e.m.c.i.e.AbstractTransferListenerAdapter - Downloading https://repo.maven.apache.org/maven2/org/objenesis/objenesis-parent/3.1/objenesis-parent-3.1.pom
2020-12-01 21:07:39,321 [Worker-10: Update Maven projects configuration] INFO  o.e.m.c.i.e.AbstractTransferListenerAdapter - Downloaded https://repo.maven.apache.org/maven2/org/objenesis/objenesis-parent/3.1/objenesis-parent-3.1.pom
2020-12-01 21:07:39,689 [Worker-10: Update Maven projects configuration] INFO  o.e.m.c.i.e.AbstractTransferListenerAdapter - Downloaded http://public.dhe.ibm.com/ibmdl/export/pub/software/websphere/wasdev/maven/repository/org/mockito/mockito-junit-jupiter/3.6.0/mockito-junit-jupiter-3.6.0.pom
2020-12-01 21:07:39,809 [Worker-10: Update Maven projects configuration] INFO  o.e.m.c.i.e.AbstractTransferListenerAdapter - Downloading https://repo.maven.apache.org/maven2/org/mockito/mockito-junit-jupiter/3.6.0/mockito-junit-jupiter-3.6.0.pom
2020-12-01 21:07:39,968 [Worker-10: Update Maven projects configuration] INFO  o.e.m.c.i.e.AbstractTransferListenerAdapter - Downloaded https://repo.maven.apache.org/maven2/org/mockito/mockito-junit-jupiter/3.6.0/mockito-junit-jupiter-3.6.0.pom
2020-12-01 21:07:40,349 [Worker-10: Update Maven projects configuration] INFO  o.e.m.c.i.e.AbstractTransferListenerAdapter - Downloaded http://public.dhe.ibm.com/ibmdl/export/pub/software/websphere/wasdev/maven/repository/org/springframework/spring-test/5.3.1/spring-test-5.3.1.pom
2020-12-01 21:07:40,472 [Worker-10: Update Maven projects configuration] INFO  o.e.m.c.i.e.AbstractTransferListenerAdapter - Downloading https://repo.maven.apache.org/maven2/org/springframework/spring-test/5.3.1/spring-test-5.3.1.pom
2020-12-01 21:07:40,593 [Worker-10: Update Maven projects configuration] INFO  o.e.m.c.i.e.AbstractTransferListenerAdapter - Downloaded https://repo.maven.apache.org/maven2/org/springframework/spring-test/5.3.1/spring-test-5.3.1.pom
2020-12-01 21:07:41,029 [Worker-10: Update Maven projects configuration] INFO  o.e.m.c.i.e.AbstractTransferListenerAdapter - Downloaded http://public.dhe.ibm.com/ibmdl/export/pub/software/websphere/wasdev/maven/repository/org/springframework/boot/spring-boot-starter/2.4.0/spring-boot-starter-2.4.0.jar
2020-12-01 21:07:41,391 [Worker-10: Update Maven projects configuration] INFO  o.e.m.c.i.e.AbstractTransferListenerAdapter - Downloaded http://public.dhe.ibm.com/ibmdl/export/pub/software/websphere/wasdev/maven/repository/org/springframework/boot/spring-boot/2.4.0/spring-boot-2.4.0.jar
2020-12-01 21:07:41,753 [Worker-10: Update Maven projects configuration] INFO  o.e.m.c.i.e.AbstractTransferListenerAdapter - Downloaded http://public.dhe.ibm.com/ibmdl/export/pub/software/websphere/wasdev/maven/repository/org/springframework/spring-context/5.3.1/spring-context-5.3.1.jar
2020-12-01 21:07:42,120 [Worker-10: Update Maven projects configuration] INFO  o.e.m.c.i.e.AbstractTransferListenerAdapter - Downloaded http://public.dhe.ibm.com/ibmdl/export/pub/software/websphere/wasdev/maven/repository/org/springframework/spring-aop/5.3.1/spring-aop-5.3.1.jar
2020-12-01 21:07:42,476 [Worker-10: Update Maven projects configuration] INFO  o.e.m.c.i.e.AbstractTransferListenerAdapter - Downloaded http://public.dhe.ibm.com/ibmdl/export/pub/software/websphere/wasdev/maven/repository/org/springframework/spring-beans/5.3.1/spring-beans-5.3.1.jar
2020-12-01 21:07:42,836 [Worker-10: Update Maven projects configuration] INFO  o.e.m.c.i.e.AbstractTransferListenerAdapter - Downloaded http://public.dhe.ibm.com/ibmdl/export/pub/software/websphere/wasdev/maven/repository/org/springframework/spring-expression/5.3.1/spring-expression-5.3.1.jar
2020-12-01 21:07:43,192 [Worker-10: Update Maven projects configuration] INFO  o.e.m.c.i.e.AbstractTransferListenerAdapter - Downloaded http://public.dhe.ibm.com/ibmdl/export/pub/software/websphere/wasdev/maven/repository/org/springframework/boot/spring-boot-autoconfigure/2.4.0/spring-boot-autoconfigure-2.4.0.jar
2020-12-01 21:07:43,549 [Worker-10: Update Maven projects configuration] INFO  o.e.m.c.i.e.AbstractTransferListenerAdapter - Downloaded http://public.dhe.ibm.com/ibmdl/export/pub/software/websphere/wasdev/maven/repository/org/springframework/boot/spring-boot-starter-logging/2.4.0/spring-boot-starter-logging-2.4.0.jar
2020-12-01 21:07:43,909 [Worker-10: Update Maven projects configuration] INFO  o.e.m.c.i.e.AbstractTransferListenerAdapter - Downloaded http://public.dhe.ibm.com/ibmdl/export/pub/software/websphere/wasdev/maven/repository/org/springframework/spring-core/5.3.1/spring-core-5.3.1.jar
2020-12-01 21:07:44,268 [Worker-10: Update Maven projects configuration] INFO  o.e.m.c.i.e.AbstractTransferListenerAdapter - Downloaded http://public.dhe.ibm.com/ibmdl/export/pub/software/websphere/wasdev/maven/repository/org/springframework/spring-jcl/5.3.1/spring-jcl-5.3.1.jar
2020-12-01 21:07:44,628 [Worker-10: Update Maven projects configuration] INFO  o.e.m.c.i.e.AbstractTransferListenerAdapter - Downloaded http://public.dhe.ibm.com/ibmdl/export/pub/software/websphere/wasdev/maven/repository/org/yaml/snakeyaml/1.27/snakeyaml-1.27.jar
2020-12-01 21:07:44,984 [Worker-10: Update Maven projects configuration] INFO  o.e.m.c.i.e.AbstractTransferListenerAdapter - Downloaded http://public.dhe.ibm.com/ibmdl/export/pub/software/websphere/wasdev/maven/repository/org/springframework/boot/spring-boot-starter-test/2.4.0/spring-boot-starter-test-2.4.0.jar
2020-12-01 21:07:45,339 [Worker-10: Update Maven projects configuration] INFO  o.e.m.c.i.e.AbstractTransferListenerAdapter - Downloaded http://public.dhe.ibm.com/ibmdl/export/pub/software/websphere/wasdev/maven/repository/org/springframework/boot/spring-boot-test/2.4.0/spring-boot-test-2.4.0.jar
2020-12-01 21:07:45,697 [Worker-10: Update Maven projects configuration] INFO  o.e.m.c.i.e.AbstractTransferListenerAdapter - Downloaded http://public.dhe.ibm.com/ibmdl/export/pub/software/websphere/wasdev/maven/repository/org/springframework/boot/spring-boot-test-autoconfigure/2.4.0/spring-boot-test-autoconfigure-2.4.0.jar
2020-12-01 21:07:46,055 [Worker-10: Update Maven projects configuration] INFO  o.e.m.c.i.e.AbstractTransferListenerAdapter - Downloaded http://public.dhe.ibm.com/ibmdl/export/pub/software/websphere/wasdev/maven/repository/org/assertj/assertj-core/3.18.1/assertj-core-3.18.1.jar
2020-12-01 21:07:46,410 [Worker-10: Update Maven projects configuration] INFO  o.e.m.c.i.e.AbstractTransferListenerAdapter - Downloaded http://public.dhe.ibm.com/ibmdl/export/pub/software/websphere/wasdev/maven/repository/org/junit/jupiter/junit-jupiter/5.7.0/junit-jupiter-5.7.0.jar
2020-12-01 21:07:46,768 [Worker-10: Update Maven projects configuration] INFO  o.e.m.c.i.e.AbstractTransferListenerAdapter - Downloaded http://public.dhe.ibm.com/ibmdl/export/pub/software/websphere/wasdev/maven/repository/org/junit/jupiter/junit-jupiter-api/5.7.0/junit-jupiter-api-5.7.0.jar
2020-12-01 21:07:47,123 [Worker-10: Update Maven projects configuration] INFO  o.e.m.c.i.e.AbstractTransferListenerAdapter - Downloaded http://public.dhe.ibm.com/ibmdl/export/pub/software/websphere/wasdev/maven/repository/org/junit/platform/junit-platform-commons/1.7.0/junit-platform-commons-1.7.0.jar
2020-12-01 21:07:47,481 [Worker-10: Update Maven projects configuration] INFO  o.e.m.c.i.e.AbstractTransferListenerAdapter - Downloaded http://public.dhe.ibm.com/ibmdl/export/pub/software/websphere/wasdev/maven/repository/org/junit/jupiter/junit-jupiter-params/5.7.0/junit-jupiter-params-5.7.0.jar
2020-12-01 21:07:47,836 [Worker-10: Update Maven projects configuration] INFO  o.e.m.c.i.e.AbstractTransferListenerAdapter - Downloaded http://public.dhe.ibm.com/ibmdl/export/pub/software/websphere/wasdev/maven/repository/org/junit/jupiter/junit-jupiter-engine/5.7.0/junit-jupiter-engine-5.7.0.jar
2020-12-01 21:07:48,192 [Worker-10: Update Maven projects configuration] INFO  o.e.m.c.i.e.AbstractTransferListenerAdapter - Downloaded http://public.dhe.ibm.com/ibmdl/export/pub/software/websphere/wasdev/maven/repository/org/junit/platform/junit-platform-engine/1.7.0/junit-platform-engine-1.7.0.jar
2020-12-01 21:07:48,548 [Worker-10: Update Maven projects configuration] INFO  o.e.m.c.i.e.AbstractTransferListenerAdapter - Downloaded http://public.dhe.ibm.com/ibmdl/export/pub/software/websphere/wasdev/maven/repository/org/mockito/mockito-core/3.6.0/mockito-core-3.6.0.jar
2020-12-01 21:07:48,904 [Worker-10: Update Maven projects configuration] INFO  o.e.m.c.i.e.AbstractTransferListenerAdapter - Downloaded http://public.dhe.ibm.com/ibmdl/export/pub/software/websphere/wasdev/maven/repository/net/bytebuddy/byte-buddy/1.10.18/byte-buddy-1.10.18.jar
2020-12-01 21:07:49,261 [Worker-10: Update Maven projects configuration] INFO  o.e.m.c.i.e.AbstractTransferListenerAdapter - Downloaded http://public.dhe.ibm.com/ibmdl/export/pub/software/websphere/wasdev/maven/repository/net/bytebuddy/byte-buddy-agent/1.10.18/byte-buddy-agent-1.10.18.jar
2020-12-01 21:07:49,620 [Worker-10: Update Maven projects configuration] INFO  o.e.m.c.i.e.AbstractTransferListenerAdapter - Downloaded http://public.dhe.ibm.com/ibmdl/export/pub/software/websphere/wasdev/maven/repository/org/objenesis/objenesis/3.1/objenesis-3.1.jar
2020-12-01 21:07:49,975 [Worker-10: Update Maven projects configuration] INFO  o.e.m.c.i.e.AbstractTransferListenerAdapter - Downloaded http://public.dhe.ibm.com/ibmdl/export/pub/software/websphere/wasdev/maven/repository/org/mockito/mockito-junit-jupiter/3.6.0/mockito-junit-jupiter-3.6.0.jar
2020-12-01 21:07:50,337 [Worker-10: Update Maven projects configuration] INFO  o.e.m.c.i.e.AbstractTransferListenerAdapter - Downloaded http://public.dhe.ibm.com/ibmdl/export/pub/software/websphere/wasdev/maven/repository/org/springframework/spring-test/5.3.1/spring-test-5.3.1.jar
2020-12-01 21:07:50,507 [Worker-10: Update Maven projects configuration] INFO  o.e.m.c.i.e.AbstractTransferListenerAdapter - Downloading https://repo.maven.apache.org/maven2/org/springframework/boot/spring-boot-starter/2.4.0/spring-boot-starter-2.4.0.jar
2020-12-01 21:07:50,630 [Worker-10: Update Maven projects configuration] INFO  o.e.m.c.i.e.AbstractTransferListenerAdapter - Downloaded https://repo.maven.apache.org/maven2/org/springframework/boot/spring-boot-starter/2.4.0/spring-boot-starter-2.4.0.jar
2020-12-01 21:07:50,751 [Worker-10: Update Maven projects configuration] INFO  o.e.m.c.i.e.AbstractTransferListenerAdapter - Downloading https://repo.maven.apache.org/maven2/org/springframework/boot/spring-boot/2.4.0/spring-boot-2.4.0.jar
2020-12-01 21:07:53,046 [Worker-10: Update Maven projects configuration] INFO  o.e.m.c.i.e.AbstractTransferListenerAdapter - Downloaded https://repo.maven.apache.org/maven2/org/springframework/boot/spring-boot/2.4.0/spring-boot-2.4.0.jar
2020-12-01 21:07:53,173 [Worker-10: Update Maven projects configuration] INFO  o.e.m.c.i.e.AbstractTransferListenerAdapter - Downloading https://repo.maven.apache.org/maven2/org/springframework/spring-context/5.3.1/spring-context-5.3.1.jar
2020-12-01 21:07:55,372 [Worker-10: Update Maven projects configuration] INFO  o.e.m.c.i.e.AbstractTransferListenerAdapter - Downloaded https://repo.maven.apache.org/maven2/org/springframework/spring-context/5.3.1/spring-context-5.3.1.jar
2020-12-01 21:07:55,498 [Worker-10: Update Maven projects configuration] INFO  o.e.m.c.i.e.AbstractTransferListenerAdapter - Downloading https://repo.maven.apache.org/maven2/org/springframework/spring-aop/5.3.1/spring-aop-5.3.1.jar
2020-12-01 21:07:56,210 [Worker-10: Update Maven projects configuration] INFO  o.e.m.c.i.e.AbstractTransferListenerAdapter - Downloaded https://repo.maven.apache.org/maven2/org/springframework/spring-aop/5.3.1/spring-aop-5.3.1.jar
2020-12-01 21:07:56,339 [Worker-10: Update Maven projects configuration] INFO  o.e.m.c.i.e.AbstractTransferListenerAdapter - Downloading https://repo.maven.apache.org/maven2/org/springframework/spring-beans/5.3.1/spring-beans-5.3.1.jar
2020-12-01 21:07:57,539 [Worker-10: Update Maven projects configuration] INFO  o.e.m.c.i.e.AbstractTransferListenerAdapter - Downloaded https://repo.maven.apache.org/maven2/org/springframework/spring-beans/5.3.1/spring-beans-5.3.1.jar
2020-12-01 21:07:57,664 [Worker-10: Update Maven projects configuration] INFO  o.e.m.c.i.e.AbstractTransferListenerAdapter - Downloading https://repo.maven.apache.org/maven2/org/springframework/spring-expression/5.3.1/spring-expression-5.3.1.jar
2020-12-01 21:07:58,215 [Worker-10: Update Maven projects configuration] INFO  o.e.m.c.i.e.AbstractTransferListenerAdapter - Downloaded https://repo.maven.apache.org/maven2/org/springframework/spring-expression/5.3.1/spring-expression-5.3.1.jar
2020-12-01 21:07:58,336 [Worker-10: Update Maven projects configuration] INFO  o.e.m.c.i.e.AbstractTransferListenerAdapter - Downloading https://repo.maven.apache.org/maven2/org/springframework/boot/spring-boot-autoconfigure/2.4.0/spring-boot-autoconfigure-2.4.0.jar
2020-12-01 21:08:01,010 [Worker-10: Update Maven projects configuration] INFO  o.e.m.c.i.e.AbstractTransferListenerAdapter - Downloaded https://repo.maven.apache.org/maven2/org/springframework/boot/spring-boot-autoconfigure/2.4.0/spring-boot-autoconfigure-2.4.0.jar
2020-12-01 21:08:01,131 [Worker-10: Update Maven projects configuration] INFO  o.e.m.c.i.e.AbstractTransferListenerAdapter - Downloading https://repo.maven.apache.org/maven2/org/springframework/boot/spring-boot-starter-logging/2.4.0/spring-boot-starter-logging-2.4.0.jar
2020-12-01 21:08:01,255 [Worker-10: Update Maven projects configuration] INFO  o.e.m.c.i.e.AbstractTransferListenerAdapter - Downloaded https://repo.maven.apache.org/maven2/org/springframework/boot/spring-boot-starter-logging/2.4.0/spring-boot-starter-logging-2.4.0.jar
2020-12-01 21:08:01,384 [Worker-10: Update Maven projects configuration] INFO  o.e.m.c.i.e.AbstractTransferListenerAdapter - Downloading https://repo.maven.apache.org/maven2/org/springframework/spring-core/5.3.1/spring-core-5.3.1.jar
2020-12-01 21:08:03,937 [Worker-10: Update Maven projects configuration] INFO  o.e.m.c.i.e.AbstractTransferListenerAdapter - Downloaded https://repo.maven.apache.org/maven2/org/springframework/spring-core/5.3.1/spring-core-5.3.1.jar
2020-12-01 21:08:04,069 [Worker-10: Update Maven projects configuration] INFO  o.e.m.c.i.e.AbstractTransferListenerAdapter - Downloading https://repo.maven.apache.org/maven2/org/springframework/spring-jcl/5.3.1/spring-jcl-5.3.1.jar
2020-12-01 21:08:04,199 [Worker-10: Update Maven projects configuration] INFO  o.e.m.c.i.e.AbstractTransferListenerAdapter - Downloaded https://repo.maven.apache.org/maven2/org/springframework/spring-jcl/5.3.1/spring-jcl-5.3.1.jar
2020-12-01 21:08:04,337 [Worker-10: Update Maven projects configuration] INFO  o.e.m.c.i.e.AbstractTransferListenerAdapter - Downloading https://repo.maven.apache.org/maven2/org/yaml/snakeyaml/1.27/snakeyaml-1.27.jar
2020-12-01 21:08:04,891 [Worker-10: Update Maven projects configuration] INFO  o.e.m.c.i.e.AbstractTransferListenerAdapter - Downloaded https://repo.maven.apache.org/maven2/org/yaml/snakeyaml/1.27/snakeyaml-1.27.jar
2020-12-01 21:08:05,009 [Worker-10: Update Maven projects configuration] INFO  o.e.m.c.i.e.AbstractTransferListenerAdapter - Downloading https://repo.maven.apache.org/maven2/org/springframework/boot/spring-boot-starter-test/2.4.0/spring-boot-starter-test-2.4.0.jar
2020-12-01 21:08:05,134 [Worker-10: Update Maven projects configuration] INFO  o.e.m.c.i.e.AbstractTransferListenerAdapter - Downloaded https://repo.maven.apache.org/maven2/org/springframework/boot/spring-boot-starter-test/2.4.0/spring-boot-starter-test-2.4.0.jar
2020-12-01 21:08:05,254 [Worker-10: Update Maven projects configuration] INFO  o.e.m.c.i.e.AbstractTransferListenerAdapter - Downloading https://repo.maven.apache.org/maven2/org/springframework/boot/spring-boot-test/2.4.0/spring-boot-test-2.4.0.jar
2020-12-01 21:08:05,711 [Worker-10: Update Maven projects configuration] INFO  o.e.m.c.i.e.AbstractTransferListenerAdapter - Downloaded https://repo.maven.apache.org/maven2/org/springframework/boot/spring-boot-test/2.4.0/spring-boot-test-2.4.0.jar
2020-12-01 21:08:05,833 [Worker-10: Update Maven projects configuration] INFO  o.e.m.c.i.e.AbstractTransferListenerAdapter - Downloading https://repo.maven.apache.org/maven2/org/springframework/boot/spring-boot-test-autoconfigure/2.4.0/spring-boot-test-autoconfigure-2.4.0.jar
2020-12-01 21:08:06,189 [Worker-10: Update Maven projects configuration] INFO  o.e.m.c.i.e.AbstractTransferListenerAdapter - Downloaded https://repo.maven.apache.org/maven2/org/springframework/boot/spring-boot-test-autoconfigure/2.4.0/spring-boot-test-autoconfigure-2.4.0.jar
2020-12-01 21:08:06,317 [Worker-10: Update Maven projects configuration] INFO  o.e.m.c.i.e.AbstractTransferListenerAdapter - Downloading https://repo.maven.apache.org/maven2/org/assertj/assertj-core/3.18.1/assertj-core-3.18.1.jar
2020-12-01 21:08:14,509 [Worker-10: Update Maven projects configuration] INFO  o.e.m.c.i.e.AbstractTransferListenerAdapter - Downloaded https://repo.maven.apache.org/maven2/org/assertj/assertj-core/3.18.1/assertj-core-3.18.1.jar
2020-12-01 21:08:14,639 [Worker-10: Update Maven projects configuration] INFO  o.e.m.c.i.e.AbstractTransferListenerAdapter - Downloading https://repo.maven.apache.org/maven2/org/junit/jupiter/junit-jupiter/5.7.0/junit-jupiter-5.7.0.jar
2020-12-01 21:08:14,772 [Worker-10: Update Maven projects configuration] INFO  o.e.m.c.i.e.AbstractTransferListenerAdapter - Downloaded https://repo.maven.apache.org/maven2/org/junit/jupiter/junit-jupiter/5.7.0/junit-jupiter-5.7.0.jar
2020-12-01 21:08:14,894 [Worker-10: Update Maven projects configuration] INFO  o.e.m.c.i.e.AbstractTransferListenerAdapter - Downloading https://repo.maven.apache.org/maven2/org/junit/jupiter/junit-jupiter-api/5.7.0/junit-jupiter-api-5.7.0.jar
2020-12-01 21:08:15,285 [Worker-10: Update Maven projects configuration] INFO  o.e.m.c.i.e.AbstractTransferListenerAdapter - Downloaded https://repo.maven.apache.org/maven2/org/junit/jupiter/junit-jupiter-api/5.7.0/junit-jupiter-api-5.7.0.jar
2020-12-01 21:08:15,424 [Worker-10: Update Maven projects configuration] INFO  o.e.m.c.i.e.AbstractTransferListenerAdapter - Downloading https://repo.maven.apache.org/maven2/org/junit/platform/junit-platform-commons/1.7.0/junit-platform-commons-1.7.0.jar
2020-12-01 21:08:15,712 [Worker-10: Update Maven projects configuration] INFO  o.e.m.c.i.e.AbstractTransferListenerAdapter - Downloaded https://repo.maven.apache.org/maven2/org/junit/platform/junit-platform-commons/1.7.0/junit-platform-commons-1.7.0.jar
2020-12-01 21:08:15,842 [Worker-10: Update Maven projects configuration] INFO  o.e.m.c.i.e.AbstractTransferListenerAdapter - Downloading https://repo.maven.apache.org/maven2/org/junit/jupiter/junit-jupiter-params/5.7.0/junit-jupiter-params-5.7.0.jar
2020-12-01 21:08:16,862 [Worker-10: Update Maven projects configuration] INFO  o.e.m.c.i.e.AbstractTransferListenerAdapter - Downloaded https://repo.maven.apache.org/maven2/org/junit/jupiter/junit-jupiter-params/5.7.0/junit-jupiter-params-5.7.0.jar
2020-12-01 21:08:16,987 [Worker-10: Update Maven projects configuration] INFO  o.e.m.c.i.e.AbstractTransferListenerAdapter - Downloading https://repo.maven.apache.org/maven2/org/junit/jupiter/junit-jupiter-engine/5.7.0/junit-jupiter-engine-5.7.0.jar
2020-12-01 21:08:17,436 [Worker-10: Update Maven projects configuration] INFO  o.e.m.c.i.e.AbstractTransferListenerAdapter - Downloaded https://repo.maven.apache.org/maven2/org/junit/jupiter/junit-jupiter-engine/5.7.0/junit-jupiter-engine-5.7.0.jar
2020-12-01 21:08:17,560 [Worker-10: Update Maven projects configuration] INFO  o.e.m.c.i.e.AbstractTransferListenerAdapter - Downloading https://repo.maven.apache.org/maven2/org/junit/platform/junit-platform-engine/1.7.0/junit-platform-engine-1.7.0.jar
2020-12-01 21:08:17,918 [Worker-10: Update Maven projects configuration] INFO  o.e.m.c.i.e.AbstractTransferListenerAdapter - Downloaded https://repo.maven.apache.org/maven2/org/junit/platform/junit-platform-engine/1.7.0/junit-platform-engine-1.7.0.jar
2020-12-01 21:08:18,041 [Worker-10: Update Maven projects configuration] INFO  o.e.m.c.i.e.AbstractTransferListenerAdapter - Downloading https://repo.maven.apache.org/maven2/org/mockito/mockito-core/3.6.0/mockito-core-3.6.0.jar
2020-12-01 21:08:19,236 [Worker-10: Update Maven projects configuration] INFO  o.e.m.c.i.e.AbstractTransferListenerAdapter - Downloaded https://repo.maven.apache.org/maven2/org/mockito/mockito-core/3.6.0/mockito-core-3.6.0.jar
2020-12-01 21:08:19,362 [Worker-10: Update Maven projects configuration] INFO  o.e.m.c.i.e.AbstractTransferListenerAdapter - Downloading https://repo.maven.apache.org/maven2/net/bytebuddy/byte-buddy/1.10.18/byte-buddy-1.10.18.jar
2020-12-01 21:08:25,380 [Worker-10: Update Maven projects configuration] INFO  o.e.m.c.i.e.AbstractTransferListenerAdapter - Downloaded https://repo.maven.apache.org/maven2/net/bytebuddy/byte-buddy/1.10.18/byte-buddy-1.10.18.jar
2020-12-01 21:08:25,508 [Worker-10: Update Maven projects configuration] INFO  o.e.m.c.i.e.AbstractTransferListenerAdapter - Downloading https://repo.maven.apache.org/maven2/net/bytebuddy/byte-buddy-agent/1.10.18/byte-buddy-agent-1.10.18.jar
2020-12-01 21:08:26,058 [Worker-10: Update Maven projects configuration] INFO  o.e.m.c.i.e.AbstractTransferListenerAdapter - Downloaded https://repo.maven.apache.org/maven2/net/bytebuddy/byte-buddy-agent/1.10.18/byte-buddy-agent-1.10.18.jar
2020-12-01 21:08:26,185 [Worker-10: Update Maven projects configuration] INFO  o.e.m.c.i.e.AbstractTransferListenerAdapter - Downloading https://repo.maven.apache.org/maven2/org/objenesis/objenesis/3.1/objenesis-3.1.jar
2020-12-01 21:08:26,354 [Worker-10: Update Maven projects configuration] INFO  o.e.m.c.i.e.AbstractTransferListenerAdapter - Downloaded https://repo.maven.apache.org/maven2/org/objenesis/objenesis/3.1/objenesis-3.1.jar
2020-12-01 21:08:26,475 [Worker-10: Update Maven projects configuration] INFO  o.e.m.c.i.e.AbstractTransferListenerAdapter - Downloading https://repo.maven.apache.org/maven2/org/mockito/mockito-junit-jupiter/3.6.0/mockito-junit-jupiter-3.6.0.jar
2020-12-01 21:08:26,607 [Worker-10: Update Maven projects configuration] INFO  o.e.m.c.i.e.AbstractTransferListenerAdapter - Downloaded https://repo.maven.apache.org/maven2/org/mockito/mockito-junit-jupiter/3.6.0/mockito-junit-jupiter-3.6.0.jar
2020-12-01 21:08:26,732 [Worker-10: Update Maven projects configuration] INFO  o.e.m.c.i.e.AbstractTransferListenerAdapter - Downloading https://repo.maven.apache.org/maven2/org/springframework/spring-test/5.3.1/spring-test-5.3.1.jar
2020-12-01 21:08:28,051 [Worker-10: Update Maven projects configuration] INFO  o.e.m.c.i.e.AbstractTransferListenerAdapter - Downloaded https://repo.maven.apache.org/maven2/org/springframework/spring-test/5.3.1/spring-test-5.3.1.jar
2020-12-01 21:08:30,620 [Worker-10: Update Maven projects configuration] INFO  o.e.m.c.i.e.AbstractTransferListenerAdapter - Downloaded http://public.dhe.ibm.com/ibmdl/export/pub/software/websphere/wasdev/maven/repository/org/apache/maven/plugins/maven-resources-plugin/3.2.0/maven-resources-plugin-3.2.0.pom
2020-12-01 21:08:31,023 [Worker-10: Update Maven projects configuration] INFO  o.e.m.c.i.e.AbstractTransferListenerAdapter - Downloading https://repo.maven.apache.org/maven2/org/apache/maven/plugins/maven-resources-plugin/3.2.0/maven-resources-plugin-3.2.0.pom
2020-12-01 21:08:31,207 [Worker-10: Update Maven projects configuration] INFO  o.e.m.c.i.e.AbstractTransferListenerAdapter - Downloaded https://repo.maven.apache.org/maven2/org/apache/maven/plugins/maven-resources-plugin/3.2.0/maven-resources-plugin-3.2.0.pom
2020-12-01 21:08:36,975 [Worker-10: Update Maven projects configuration] INFO  o.e.m.c.i.e.AbstractTransferListenerAdapter - Downloaded http://public.dhe.ibm.com/ibmdl/export/pub/software/websphere/wasdev/maven/repository/org/apache/maven/maven-plugin-api/3.1.0/maven-plugin-api-3.1.0.pom
2020-12-01 21:08:37,102 [Worker-10: Update Maven projects configuration] INFO  o.e.m.c.i.e.AbstractTransferListenerAdapter - Downloading https://repo.maven.apache.org/maven2/org/apache/maven/maven-plugin-api/3.1.0/maven-plugin-api-3.1.0.pom
2020-12-01 21:08:37,240 [Worker-10: Update Maven projects configuration] INFO  o.e.m.c.i.e.AbstractTransferListenerAdapter - Downloaded https://repo.maven.apache.org/maven2/org/apache/maven/maven-plugin-api/3.1.0/maven-plugin-api-3.1.0.pom
2020-12-01 21:08:37,656 [Worker-10: Update Maven projects configuration] INFO  o.e.m.c.i.e.AbstractTransferListenerAdapter - Downloaded http://public.dhe.ibm.com/ibmdl/export/pub/software/websphere/wasdev/maven/repository/org/apache/maven/maven/3.1.0/maven-3.1.0.pom
2020-12-01 21:08:37,807 [Worker-10: Update Maven projects configuration] INFO  o.e.m.c.i.e.AbstractTransferListenerAdapter - Downloading https://repo.maven.apache.org/maven2/org/apache/maven/maven/3.1.0/maven-3.1.0.pom
2020-12-01 21:08:38,037 [Worker-10: Update Maven projects configuration] INFO  o.e.m.c.i.e.AbstractTransferListenerAdapter - Downloaded https://repo.maven.apache.org/maven2/org/apache/maven/maven/3.1.0/maven-3.1.0.pom
2020-12-01 21:08:38,493 [Worker-10: Update Maven projects configuration] INFO  o.e.m.c.i.e.AbstractTransferListenerAdapter - Downloaded http://public.dhe.ibm.com/ibmdl/export/pub/software/websphere/wasdev/maven/repository/org/apache/maven/maven-model/3.1.0/maven-model-3.1.0.pom
2020-12-01 21:08:38,656 [Worker-10: Update Maven projects configuration] INFO  o.e.m.c.i.e.AbstractTransferListenerAdapter - Downloading https://repo.maven.apache.org/maven2/org/apache/maven/maven-model/3.1.0/maven-model-3.1.0.pom
2020-12-01 21:08:38,858 [Worker-10: Update Maven projects configuration] INFO  o.e.m.c.i.e.AbstractTransferListenerAdapter - Downloaded https://repo.maven.apache.org/maven2/org/apache/maven/maven-model/3.1.0/maven-model-3.1.0.pom
2020-12-01 21:08:39,336 [Worker-10: Update Maven projects configuration] INFO  o.e.m.c.i.e.AbstractTransferListenerAdapter - Downloaded http://public.dhe.ibm.com/ibmdl/export/pub/software/websphere/wasdev/maven/repository/org/apache/maven/maven-artifact/3.1.0/maven-artifact-3.1.0.pom
2020-12-01 21:08:39,464 [Worker-10: Update Maven projects configuration] INFO  o.e.m.c.i.e.AbstractTransferListenerAdapter - Downloading https://repo.maven.apache.org/maven2/org/apache/maven/maven-artifact/3.1.0/maven-artifact-3.1.0.pom
2020-12-01 21:08:39,623 [Worker-10: Update Maven projects configuration] INFO  o.e.m.c.i.e.AbstractTransferListenerAdapter - Downloaded https://repo.maven.apache.org/maven2/org/apache/maven/maven-artifact/3.1.0/maven-artifact-3.1.0.pom
2020-12-01 21:08:39,808 [Worker-12: Download sources and javadoc] INFO  o.e.m.c.i.e.AbstractTransferListenerAdapter - Downloaded http://public.dhe.ibm.com/ibmdl/export/pub/software/websphere/wasdev/maven/repository/org/springframework/boot/spring-boot-starter/2.4.0/spring-boot-starter-2.4.0-sources.jar
2020-12-01 21:08:40,009 [Worker-10: Update Maven projects configuration] INFO  o.e.m.c.i.e.AbstractTransferListenerAdapter - Downloaded http://public.dhe.ibm.com/ibmdl/export/pub/software/websphere/wasdev/maven/repository/org/eclipse/sisu/org.eclipse.sisu.plexus/0.0.0.M2a/org.eclipse.sisu.plexus-0.0.0.M2a.pom
2020-12-01 21:08:40,166 [Worker-10: Update Maven projects configuration] INFO  o.e.m.c.i.e.AbstractTransferListenerAdapter - Downloading https://repo.maven.apache.org/maven2/org/eclipse/sisu/org.eclipse.sisu.plexus/0.0.0.M2a/org.eclipse.sisu.plexus-0.0.0.M2a.pom
2020-12-01 21:08:40,207 [Worker-12: Download sources and javadoc] INFO  o.e.m.c.i.e.AbstractTransferListenerAdapter - Downloading https://repo.maven.apache.org/maven2/org/springframework/boot/spring-boot-starter/2.4.0/spring-boot-starter-2.4.0-sources.jar
2020-12-01 21:08:40,307 [Worker-10: Update Maven projects configuration] INFO  o.e.m.c.i.e.AbstractTransferListenerAdapter - Downloaded https://repo.maven.apache.org/maven2/org/eclipse/sisu/org.eclipse.sisu.plexus/0.0.0.M2a/org.eclipse.sisu.plexus-0.0.0.M2a.pom
2020-12-01 21:08:40,357 [Worker-12: Download sources and javadoc] INFO  o.e.m.c.i.e.AbstractTransferListenerAdapter - Downloaded https://repo.maven.apache.org/maven2/org/springframework/boot/spring-boot-starter/2.4.0/spring-boot-starter-2.4.0-sources.jar
2020-12-01 21:08:40,443 [Worker-12: Download sources and javadoc] INFO  o.e.m.j.internal.DownloadSourcesJob - Downloaded sources for org.springframework.boot:spring-boot-starter:2.4.0
2020-12-01 21:08:40,689 [Worker-10: Update Maven projects configuration] INFO  o.e.m.c.i.e.AbstractTransferListenerAdapter - Downloaded http://public.dhe.ibm.com/ibmdl/export/pub/software/websphere/wasdev/maven/repository/org/eclipse/sisu/sisu-plexus/0.0.0.M2a/sisu-plexus-0.0.0.M2a.pom
2020-12-01 21:08:40,811 [Worker-12: Download sources and javadoc] INFO  o.e.m.c.i.e.AbstractTransferListenerAdapter - Downloaded http://public.dhe.ibm.com/ibmdl/export/pub/software/websphere/wasdev/maven/repository/org/springframework/boot/spring-boot/2.4.0/spring-boot-2.4.0-sources.jar
2020-12-01 21:08:40,837 [Worker-10: Update Maven projects configuration] INFO  o.e.m.c.i.e.AbstractTransferListenerAdapter - Downloading https://repo.maven.apache.org/maven2/org/eclipse/sisu/sisu-plexus/0.0.0.M2a/sisu-plexus-0.0.0.M2a.pom
2020-12-01 21:08:40,955 [Worker-12: Download sources and javadoc] INFO  o.e.m.c.i.e.AbstractTransferListenerAdapter - Downloading https://repo.maven.apache.org/maven2/org/springframework/boot/spring-boot/2.4.0/spring-boot-2.4.0-sources.jar
2020-12-01 21:08:40,974 [Worker-10: Update Maven projects configuration] INFO  o.e.m.c.i.e.AbstractTransferListenerAdapter - Downloaded https://repo.maven.apache.org/maven2/org/eclipse/sisu/sisu-plexus/0.0.0.M2a/sisu-plexus-0.0.0.M2a.pom
2020-12-01 21:08:41,457 [Worker-10: Update Maven projects configuration] INFO  o.e.m.c.i.e.AbstractTransferListenerAdapter - Downloaded http://public.dhe.ibm.com/ibmdl/export/pub/software/websphere/wasdev/maven/repository/com/google/guava/guava/10.0.1/guava-10.0.1.pom
2020-12-01 21:08:41,585 [Worker-10: Update Maven projects configuration] INFO  o.e.m.c.i.e.AbstractTransferListenerAdapter - Downloading https://repo.maven.apache.org/maven2/com/google/guava/guava/10.0.1/guava-10.0.1.pom
2020-12-01 21:08:41,735 [Worker-10: Update Maven projects configuration] INFO  o.e.m.c.i.e.AbstractTransferListenerAdapter - Downloaded https://repo.maven.apache.org/maven2/com/google/guava/guava/10.0.1/guava-10.0.1.pom
2020-12-01 21:08:42,098 [Worker-10: Update Maven projects configuration] INFO  o.e.m.c.i.e.AbstractTransferListenerAdapter - Downloaded http://public.dhe.ibm.com/ibmdl/export/pub/software/websphere/wasdev/maven/repository/com/google/guava/guava-parent/10.0.1/guava-parent-10.0.1.pom
2020-12-01 21:08:42,224 [Worker-10: Update Maven projects configuration] INFO  o.e.m.c.i.e.AbstractTransferListenerAdapter - Downloading https://repo.maven.apache.org/maven2/com/google/guava/guava-parent/10.0.1/guava-parent-10.0.1.pom
2020-12-01 21:08:42,408 [Worker-10: Update Maven projects configuration] INFO  o.e.m.c.i.e.AbstractTransferListenerAdapter - Downloaded https://repo.maven.apache.org/maven2/com/google/guava/guava-parent/10.0.1/guava-parent-10.0.1.pom
2020-12-01 21:08:42,695 [Worker-12: Download sources and javadoc] INFO  o.e.m.c.i.e.AbstractTransferListenerAdapter - Downloaded https://repo.maven.apache.org/maven2/org/springframework/boot/spring-boot/2.4.0/spring-boot-2.4.0-sources.jar
2020-12-01 21:08:42,734 [Worker-12: Download sources and javadoc] INFO  o.e.m.j.internal.DownloadSourcesJob - Downloaded sources for org.springframework.boot:spring-boot:2.4.0
2020-12-01 21:08:42,932 [Worker-10: Update Maven projects configuration] INFO  o.e.m.c.i.e.AbstractTransferListenerAdapter - Downloaded http://public.dhe.ibm.com/ibmdl/export/pub/software/websphere/wasdev/maven/repository/com/google/code/findbugs/jsr305/1.3.9/jsr305-1.3.9.pom
2020-12-01 21:08:43,059 [Worker-10: Update Maven projects configuration] INFO  o.e.m.c.i.e.AbstractTransferListenerAdapter - Downloading https://repo.maven.apache.org/maven2/com/google/code/findbugs/jsr305/1.3.9/jsr305-1.3.9.pom
2020-12-01 21:08:43,210 [Worker-10: Update Maven projects configuration] INFO  o.e.m.c.i.e.AbstractTransferListenerAdapter - Downloaded https://repo.maven.apache.org/maven2/com/google/code/findbugs/jsr305/1.3.9/jsr305-1.3.9.pom
2020-12-01 21:08:43,254 [Worker-12: Download sources and javadoc] INFO  o.e.m.c.i.e.AbstractTransferListenerAdapter - Downloaded http://public.dhe.ibm.com/ibmdl/export/pub/software/websphere/wasdev/maven/repository/org/springframework/spring-context/5.3.1/spring-context-5.3.1-sources.jar
2020-12-01 21:08:43,382 [Worker-12: Download sources and javadoc] INFO  o.e.m.c.i.e.AbstractTransferListenerAdapter - Downloading https://repo.maven.apache.org/maven2/org/springframework/spring-context/5.3.1/spring-context-5.3.1-sources.jar
2020-12-01 21:08:43,578 [Worker-10: Update Maven projects configuration] INFO  o.e.m.c.i.e.AbstractTransferListenerAdapter - Downloaded http://public.dhe.ibm.com/ibmdl/export/pub/software/websphere/wasdev/maven/repository/org/sonatype/sisu/sisu-guice/3.1.0/sisu-guice-3.1.0.pom
2020-12-01 21:08:43,707 [Worker-10: Update Maven projects configuration] INFO  o.e.m.c.i.e.AbstractTransferListenerAdapter - Downloading https://repo.maven.apache.org/maven2/org/sonatype/sisu/sisu-guice/3.1.0/sisu-guice-3.1.0.pom
2020-12-01 21:08:43,862 [Worker-10: Update Maven projects configuration] INFO  o.e.m.c.i.e.AbstractTransferListenerAdapter - Downloaded https://repo.maven.apache.org/maven2/org/sonatype/sisu/sisu-guice/3.1.0/sisu-guice-3.1.0.pom
2020-12-01 21:08:44,223 [Worker-10: Update Maven projects configuration] INFO  o.e.m.c.i.e.AbstractTransferListenerAdapter - Downloaded http://public.dhe.ibm.com/ibmdl/export/pub/software/websphere/wasdev/maven/repository/org/sonatype/sisu/inject/guice-parent/3.1.0/guice-parent-3.1.0.pom
2020-12-01 21:08:44,351 [Worker-10: Update Maven projects configuration] INFO  o.e.m.c.i.e.AbstractTransferListenerAdapter - Downloading https://repo.maven.apache.org/maven2/org/sonatype/sisu/inject/guice-parent/3.1.0/guice-parent-3.1.0.pom
2020-12-01 21:08:44,504 [Worker-10: Update Maven projects configuration] INFO  o.e.m.c.i.e.AbstractTransferListenerAdapter - Downloaded https://repo.maven.apache.org/maven2/org/sonatype/sisu/inject/guice-parent/3.1.0/guice-parent-3.1.0.pom
2020-12-01 21:08:45,079 [Worker-10: Update Maven projects configuration] INFO  o.e.m.c.i.e.AbstractTransferListenerAdapter - Downloaded http://public.dhe.ibm.com/ibmdl/export/pub/software/websphere/wasdev/maven/repository/org/eclipse/sisu/org.eclipse.sisu.inject/0.0.0.M2a/org.eclipse.sisu.inject-0.0.0.M2a.pom
2020-12-01 21:08:45,204 [Worker-10: Update Maven projects configuration] INFO  o.e.m.c.i.e.AbstractTransferListenerAdapter - Downloading https://repo.maven.apache.org/maven2/org/eclipse/sisu/org.eclipse.sisu.inject/0.0.0.M2a/org.eclipse.sisu.inject-0.0.0.M2a.pom
2020-12-01 21:08:45,304 [Worker-12: Download sources and javadoc] INFO  o.e.m.c.i.e.AbstractTransferListenerAdapter - Downloaded https://repo.maven.apache.org/maven2/org/springframework/spring-context/5.3.1/spring-context-5.3.1-sources.jar
2020-12-01 21:08:45,351 [Worker-10: Update Maven projects configuration] INFO  o.e.m.c.i.e.AbstractTransferListenerAdapter - Downloaded https://repo.maven.apache.org/maven2/org/eclipse/sisu/org.eclipse.sisu.inject/0.0.0.M2a/org.eclipse.sisu.inject-0.0.0.M2a.pom
2020-12-01 21:08:45,378 [Worker-12: Download sources and javadoc] INFO  o.e.m.j.internal.DownloadSourcesJob - Downloaded sources for org.springframework:spring-context:5.3.1
2020-12-01 21:08:45,735 [Worker-10: Update Maven projects configuration] INFO  o.e.m.c.i.e.AbstractTransferListenerAdapter - Downloaded http://public.dhe.ibm.com/ibmdl/export/pub/software/websphere/wasdev/maven/repository/org/eclipse/sisu/sisu-inject/0.0.0.M2a/sisu-inject-0.0.0.M2a.pom
2020-12-01 21:08:45,735 [Worker-12: Download sources and javadoc] INFO  o.e.m.c.i.e.AbstractTransferListenerAdapter - Downloaded http://public.dhe.ibm.com/ibmdl/export/pub/software/websphere/wasdev/maven/repository/org/springframework/spring-aop/5.3.1/spring-aop-5.3.1-sources.jar
2020-12-01 21:08:45,854 [Worker-10: Update Maven projects configuration] INFO  o.e.m.c.i.e.AbstractTransferListenerAdapter - Downloading https://repo.maven.apache.org/maven2/org/eclipse/sisu/sisu-inject/0.0.0.M2a/sisu-inject-0.0.0.M2a.pom
2020-12-01 21:08:45,875 [Worker-12: Download sources and javadoc] INFO  o.e.m.c.i.e.AbstractTransferListenerAdapter - Downloading https://repo.maven.apache.org/maven2/org/springframework/spring-aop/5.3.1/spring-aop-5.3.1-sources.jar
2020-12-01 21:08:45,999 [Worker-10: Update Maven projects configuration] INFO  o.e.m.c.i.e.AbstractTransferListenerAdapter - Downloaded https://repo.maven.apache.org/maven2/org/eclipse/sisu/sisu-inject/0.0.0.M2a/sisu-inject-0.0.0.M2a.pom
2020-12-01 21:08:46,419 [Worker-10: Update Maven projects configuration] INFO  o.e.m.c.i.e.AbstractTransferListenerAdapter - Downloaded http://public.dhe.ibm.com/ibmdl/export/pub/software/websphere/wasdev/maven/repository/asm/asm/3.3.1/asm-3.3.1.pom
2020-12-01 21:08:46,542 [Worker-10: Update Maven projects configuration] INFO  o.e.m.c.i.e.AbstractTransferListenerAdapter - Downloading https://repo.maven.apache.org/maven2/asm/asm/3.3.1/asm-3.3.1.pom
2020-12-01 21:08:46,566 [Worker-12: Download sources and javadoc] INFO  o.e.m.c.i.e.AbstractTransferListenerAdapter - Downloaded https://repo.maven.apache.org/maven2/org/springframework/spring-aop/5.3.1/spring-aop-5.3.1-sources.jar
2020-12-01 21:08:46,607 [Worker-12: Download sources and javadoc] INFO  o.e.m.j.internal.DownloadSourcesJob - Downloaded sources for org.springframework:spring-aop:5.3.1
2020-12-01 21:08:46,666 [Worker-10: Update Maven projects configuration] INFO  o.e.m.c.i.e.AbstractTransferListenerAdapter - Downloaded https://repo.maven.apache.org/maven2/asm/asm/3.3.1/asm-3.3.1.pom
2020-12-01 21:08:47,049 [Worker-10: Update Maven projects configuration] INFO  o.e.m.c.i.e.AbstractTransferListenerAdapter - Downloaded http://public.dhe.ibm.com/ibmdl/export/pub/software/websphere/wasdev/maven/repository/asm/asm-parent/3.3.1/asm-parent-3.3.1.pom
2020-12-01 21:08:47,131 [Worker-12: Download sources and javadoc] INFO  o.e.m.c.i.e.AbstractTransferListenerAdapter - Downloaded http://public.dhe.ibm.com/ibmdl/export/pub/software/websphere/wasdev/maven/repository/org/springframework/spring-beans/5.3.1/spring-beans-5.3.1-sources.jar
2020-12-01 21:08:47,173 [Worker-10: Update Maven projects configuration] INFO  o.e.m.c.i.e.AbstractTransferListenerAdapter - Downloading https://repo.maven.apache.org/maven2/asm/asm-parent/3.3.1/asm-parent-3.3.1.pom
2020-12-01 21:08:47,258 [Worker-12: Download sources and javadoc] INFO  o.e.m.c.i.e.AbstractTransferListenerAdapter - Downloading https://repo.maven.apache.org/maven2/org/springframework/spring-beans/5.3.1/spring-beans-5.3.1-sources.jar
2020-12-01 21:08:47,299 [Worker-10: Update Maven projects configuration] INFO  o.e.m.c.i.e.AbstractTransferListenerAdapter - Downloaded https://repo.maven.apache.org/maven2/asm/asm-parent/3.3.1/asm-parent-3.3.1.pom
2020-12-01 21:08:47,661 [Worker-10: Update Maven projects configuration] INFO  o.e.m.c.i.e.AbstractTransferListenerAdapter - Downloaded http://public.dhe.ibm.com/ibmdl/export/pub/software/websphere/wasdev/maven/repository/org/codehaus/plexus/plexus-component-annotations/2.0.0/plexus-component-annotations-2.0.0.pom
2020-12-01 21:08:47,834 [Worker-10: Update Maven projects configuration] INFO  o.e.m.c.i.e.AbstractTransferListenerAdapter - Downloading https://repo.maven.apache.org/maven2/org/codehaus/plexus/plexus-component-annotations/2.0.0/plexus-component-annotations-2.0.0.pom
2020-12-01 21:08:47,966 [Worker-10: Update Maven projects configuration] INFO  o.e.m.c.i.e.AbstractTransferListenerAdapter - Downloaded https://repo.maven.apache.org/maven2/org/codehaus/plexus/plexus-component-annotations/2.0.0/plexus-component-annotations-2.0.0.pom
2020-12-01 21:08:48,344 [Worker-10: Update Maven projects configuration] INFO  o.e.m.c.i.e.AbstractTransferListenerAdapter - Downloaded http://public.dhe.ibm.com/ibmdl/export/pub/software/websphere/wasdev/maven/repository/org/codehaus/plexus/plexus-containers/2.0.0/plexus-containers-2.0.0.pom
2020-12-01 21:08:48,452 [Worker-12: Download sources and javadoc] INFO  o.e.m.c.i.e.AbstractTransferListenerAdapter - Downloaded https://repo.maven.apache.org/maven2/org/springframework/spring-beans/5.3.1/spring-beans-5.3.1-sources.jar
2020-12-01 21:08:48,477 [Worker-10: Update Maven projects configuration] INFO  o.e.m.c.i.e.AbstractTransferListenerAdapter - Downloading https://repo.maven.apache.org/maven2/org/codehaus/plexus/plexus-containers/2.0.0/plexus-containers-2.0.0.pom
2020-12-01 21:08:48,527 [Worker-12: Download sources and javadoc] INFO  o.e.m.j.internal.DownloadSourcesJob - Downloaded sources for org.springframework:spring-beans:5.3.1
2020-12-01 21:08:48,605 [Worker-10: Update Maven projects configuration] INFO  o.e.m.c.i.e.AbstractTransferListenerAdapter - Downloaded https://repo.maven.apache.org/maven2/org/codehaus/plexus/plexus-containers/2.0.0/plexus-containers-2.0.0.pom
2020-12-01 21:08:48,905 [Worker-12: Download sources and javadoc] INFO  o.e.m.c.i.e.AbstractTransferListenerAdapter - Downloaded http://public.dhe.ibm.com/ibmdl/export/pub/software/websphere/wasdev/maven/repository/org/springframework/spring-expression/5.3.1/spring-expression-5.3.1-sources.jar
2020-12-01 21:08:48,972 [Worker-10: Update Maven projects configuration] INFO  o.e.m.c.i.e.AbstractTransferListenerAdapter - Downloaded http://public.dhe.ibm.com/ibmdl/export/pub/software/websphere/wasdev/maven/repository/org/codehaus/plexus/plexus-classworlds/2.4/plexus-classworlds-2.4.pom
2020-12-01 21:08:49,029 [Worker-12: Download sources and javadoc] INFO  o.e.m.c.i.e.AbstractTransferListenerAdapter - Downloading https://repo.maven.apache.org/maven2/org/springframework/spring-expression/5.3.1/spring-expression-5.3.1-sources.jar
2020-12-01 21:08:49,098 [Worker-10: Update Maven projects configuration] INFO  o.e.m.c.i.e.AbstractTransferListenerAdapter - Downloading https://repo.maven.apache.org/maven2/org/codehaus/plexus/plexus-classworlds/2.4/plexus-classworlds-2.4.pom
2020-12-01 21:08:49,229 [Worker-10: Update Maven projects configuration] INFO  o.e.m.c.i.e.AbstractTransferListenerAdapter - Downloaded https://repo.maven.apache.org/maven2/org/codehaus/plexus/plexus-classworlds/2.4/plexus-classworlds-2.4.pom
2020-12-01 21:08:49,491 [Worker-12: Download sources and javadoc] INFO  o.e.m.c.i.e.AbstractTransferListenerAdapter - Downloaded https://repo.maven.apache.org/maven2/org/springframework/spring-expression/5.3.1/spring-expression-5.3.1-sources.jar
2020-12-01 21:08:49,607 [Worker-12: Download sources and javadoc] INFO  o.e.m.j.internal.DownloadSourcesJob - Downloaded sources for org.springframework:spring-expression:5.3.1
2020-12-01 21:08:49,624 [Worker-10: Update Maven projects configuration] INFO  o.e.m.c.i.e.AbstractTransferListenerAdapter - Downloaded http://public.dhe.ibm.com/ibmdl/export/pub/software/websphere/wasdev/maven/repository/org/codehaus/plexus/plexus-utils/2.1/plexus-utils-2.1.pom
2020-12-01 21:08:49,759 [Worker-10: Update Maven projects configuration] INFO  o.e.m.c.i.e.AbstractTransferListenerAdapter - Downloading https://repo.maven.apache.org/maven2/org/codehaus/plexus/plexus-utils/2.1/plexus-utils-2.1.pom
2020-12-01 21:08:49,895 [Worker-10: Update Maven projects configuration] INFO  o.e.m.c.i.e.AbstractTransferListenerAdapter - Downloaded https://repo.maven.apache.org/maven2/org/codehaus/plexus/plexus-utils/2.1/plexus-utils-2.1.pom
2020-12-01 21:08:49,991 [Worker-12: Download sources and javadoc] INFO  o.e.m.c.i.e.AbstractTransferListenerAdapter - Downloaded http://public.dhe.ibm.com/ibmdl/export/pub/software/websphere/wasdev/maven/repository/org/springframework/boot/spring-boot-autoconfigure/2.4.0/spring-boot-autoconfigure-2.4.0-sources.jar
2020-12-01 21:08:50,129 [Worker-12: Download sources and javadoc] INFO  o.e.m.c.i.e.AbstractTransferListenerAdapter - Downloading https://repo.maven.apache.org/maven2/org/springframework/boot/spring-boot-autoconfigure/2.4.0/spring-boot-autoconfigure-2.4.0-sources.jar
2020-12-01 21:08:50,313 [Worker-10: Update Maven projects configuration] INFO  o.e.m.c.i.e.AbstractTransferListenerAdapter - Downloaded http://public.dhe.ibm.com/ibmdl/export/pub/software/websphere/wasdev/maven/repository/org/apache/maven/maven-core/3.1.0/maven-core-3.1.0.pom
2020-12-01 21:08:50,456 [Worker-10: Update Maven projects configuration] INFO  o.e.m.c.i.e.AbstractTransferListenerAdapter - Downloading https://repo.maven.apache.org/maven2/org/apache/maven/maven-core/3.1.0/maven-core-3.1.0.pom
2020-12-01 21:08:50,599 [Worker-10: Update Maven projects configuration] INFO  o.e.m.c.i.e.AbstractTransferListenerAdapter - Downloaded https://repo.maven.apache.org/maven2/org/apache/maven/maven-core/3.1.0/maven-core-3.1.0.pom
2020-12-01 21:08:50,995 [Worker-10: Update Maven projects configuration] INFO  o.e.m.c.i.e.AbstractTransferListenerAdapter - Downloaded http://public.dhe.ibm.com/ibmdl/export/pub/software/websphere/wasdev/maven/repository/org/apache/maven/maven-settings/3.1.0/maven-settings-3.1.0.pom
2020-12-01 21:08:51,123 [Worker-10: Update Maven projects configuration] INFO  o.e.m.c.i.e.AbstractTransferListenerAdapter - Downloading https://repo.maven.apache.org/maven2/org/apache/maven/maven-settings/3.1.0/maven-settings-3.1.0.pom
2020-12-01 21:08:51,254 [Worker-10: Update Maven projects configuration] INFO  o.e.m.c.i.e.AbstractTransferListenerAdapter - Downloaded https://repo.maven.apache.org/maven2/org/apache/maven/maven-settings/3.1.0/maven-settings-3.1.0.pom
2020-12-01 21:08:51,641 [Worker-10: Update Maven projects configuration] INFO  o.e.m.c.i.e.AbstractTransferListenerAdapter - Downloaded http://public.dhe.ibm.com/ibmdl/export/pub/software/websphere/wasdev/maven/repository/org/apache/maven/maven-settings-builder/3.1.0/maven-settings-builder-3.1.0.pom
2020-12-01 21:08:51,771 [Worker-12: Download sources and javadoc] INFO  o.e.m.c.i.e.AbstractTransferListenerAdapter - Downloaded https://repo.maven.apache.org/maven2/org/springframework/boot/spring-boot-autoconfigure/2.4.0/spring-boot-autoconfigure-2.4.0-sources.jar
2020-12-01 21:08:51,771 [Worker-10: Update Maven projects configuration] INFO  o.e.m.c.i.e.AbstractTransferListenerAdapter - Downloading https://repo.maven.apache.org/maven2/org/apache/maven/maven-settings-builder/3.1.0/maven-settings-builder-3.1.0.pom
2020-12-01 21:08:51,860 [Worker-12: Download sources and javadoc] INFO  o.e.m.j.internal.DownloadSourcesJob - Downloaded sources for org.springframework.boot:spring-boot-autoconfigure:2.4.0
2020-12-01 21:08:51,925 [Worker-10: Update Maven projects configuration] INFO  o.e.m.c.i.e.AbstractTransferListenerAdapter - Downloaded https://repo.maven.apache.org/maven2/org/apache/maven/maven-settings-builder/3.1.0/maven-settings-builder-3.1.0.pom
2020-12-01 21:08:52,238 [Worker-12: Download sources and javadoc] INFO  o.e.m.c.i.e.AbstractTransferListenerAdapter - Downloaded http://public.dhe.ibm.com/ibmdl/export/pub/software/websphere/wasdev/maven/repository/org/springframework/boot/spring-boot-starter-logging/2.4.0/spring-boot-starter-logging-2.4.0-sources.jar
2020-12-01 21:08:52,313 [Worker-10: Update Maven projects configuration] INFO  o.e.m.c.i.e.AbstractTransferListenerAdapter - Downloaded http://public.dhe.ibm.com/ibmdl/export/pub/software/websphere/wasdev/maven/repository/org/codehaus/plexus/plexus-interpolation/1.16/plexus-interpolation-1.16.pom
2020-12-01 21:08:52,365 [Worker-12: Download sources and javadoc] INFO  o.e.m.c.i.e.AbstractTransferListenerAdapter - Downloading https://repo.maven.apache.org/maven2/org/springframework/boot/spring-boot-starter-logging/2.4.0/spring-boot-starter-logging-2.4.0-sources.jar
2020-12-01 21:08:52,438 [Worker-10: Update Maven projects configuration] INFO  o.e.m.c.i.e.AbstractTransferListenerAdapter - Downloading https://repo.maven.apache.org/maven2/org/codehaus/plexus/plexus-interpolation/1.16/plexus-interpolation-1.16.pom
2020-12-01 21:08:52,542 [Worker-12: Download sources and javadoc] INFO  o.e.m.c.i.e.AbstractTransferListenerAdapter - Downloaded https://repo.maven.apache.org/maven2/org/springframework/boot/spring-boot-starter-logging/2.4.0/spring-boot-starter-logging-2.4.0-sources.jar
2020-12-01 21:08:52,588 [Worker-10: Update Maven projects configuration] INFO  o.e.m.c.i.e.AbstractTransferListenerAdapter - Downloaded https://repo.maven.apache.org/maven2/org/codehaus/plexus/plexus-interpolation/1.16/plexus-interpolation-1.16.pom
2020-12-01 21:08:52,627 [Worker-12: Download sources and javadoc] INFO  o.e.m.j.internal.DownloadSourcesJob - Downloaded sources for org.springframework.boot:spring-boot-starter-logging:2.4.0
2020-12-01 21:08:53,047 [Worker-12: Download sources and javadoc] INFO  o.e.m.c.i.e.AbstractTransferListenerAdapter - Downloaded http://public.dhe.ibm.com/ibmdl/export/pub/software/websphere/wasdev/maven/repository/org/springframework/spring-core/5.3.1/spring-core-5.3.1-sources.jar
2020-12-01 21:08:53,129 [Worker-10: Update Maven projects configuration] INFO  o.e.m.c.i.e.AbstractTransferListenerAdapter - Downloaded http://public.dhe.ibm.com/ibmdl/export/pub/software/websphere/wasdev/maven/repository/org/apache/maven/maven-repository-metadata/3.1.0/maven-repository-metadata-3.1.0.pom
2020-12-01 21:08:53,172 [Worker-12: Download sources and javadoc] INFO  o.e.m.c.i.e.AbstractTransferListenerAdapter - Downloading https://repo.maven.apache.org/maven2/org/springframework/spring-core/5.3.1/spring-core-5.3.1-sources.jar
2020-12-01 21:08:53,250 [Worker-10: Update Maven projects configuration] INFO  o.e.m.c.i.e.AbstractTransferListenerAdapter - Downloading https://repo.maven.apache.org/maven2/org/apache/maven/maven-repository-metadata/3.1.0/maven-repository-metadata-3.1.0.pom
2020-12-01 21:08:53,373 [Worker-10: Update Maven projects configuration] INFO  o.e.m.c.i.e.AbstractTransferListenerAdapter - Downloaded https://repo.maven.apache.org/maven2/org/apache/maven/maven-repository-metadata/3.1.0/maven-repository-metadata-3.1.0.pom
2020-12-01 21:08:53,739 [Worker-10: Update Maven projects configuration] INFO  o.e.m.c.i.e.AbstractTransferListenerAdapter - Downloaded http://public.dhe.ibm.com/ibmdl/export/pub/software/websphere/wasdev/maven/repository/org/apache/maven/maven-model-builder/3.1.0/maven-model-builder-3.1.0.pom
2020-12-01 21:08:53,860 [Worker-10: Update Maven projects configuration] INFO  o.e.m.c.i.e.AbstractTransferListenerAdapter - Downloading https://repo.maven.apache.org/maven2/org/apache/maven/maven-model-builder/3.1.0/maven-model-builder-3.1.0.pom
2020-12-01 21:08:53,985 [Worker-10: Update Maven projects configuration] INFO  o.e.m.c.i.e.AbstractTransferListenerAdapter - Downloaded https://repo.maven.apache.org/maven2/org/apache/maven/maven-model-builder/3.1.0/maven-model-builder-3.1.0.pom
2020-12-01 21:08:54,360 [Worker-10: Update Maven projects configuration] INFO  o.e.m.c.i.e.AbstractTransferListenerAdapter - Downloaded http://public.dhe.ibm.com/ibmdl/export/pub/software/websphere/wasdev/maven/repository/org/apache/maven/maven-aether-provider/3.1.0/maven-aether-provider-3.1.0.pom
2020-12-01 21:08:54,483 [Worker-10: Update Maven projects configuration] INFO  o.e.m.c.i.e.AbstractTransferListenerAdapter - Downloading https://repo.maven.apache.org/maven2/org/apache/maven/maven-aether-provider/3.1.0/maven-aether-provider-3.1.0.pom
2020-12-01 21:08:54,607 [Worker-10: Update Maven projects configuration] INFO  o.e.m.c.i.e.AbstractTransferListenerAdapter - Downloaded https://repo.maven.apache.org/maven2/org/apache/maven/maven-aether-provider/3.1.0/maven-aether-provider-3.1.0.pom
2020-12-01 21:08:54,904 [Worker-12: Download sources and javadoc] INFO  o.e.m.c.i.e.AbstractTransferListenerAdapter - Downloaded https://repo.maven.apache.org/maven2/org/springframework/spring-core/5.3.1/spring-core-5.3.1-sources.jar
2020-12-01 21:08:54,938 [Worker-12: Download sources and javadoc] INFO  o.e.m.j.internal.DownloadSourcesJob - Downloaded sources for org.springframework:spring-core:5.3.1
2020-12-01 21:08:54,999 [Worker-10: Update Maven projects configuration] INFO  o.e.m.c.i.e.AbstractTransferListenerAdapter - Downloaded http://public.dhe.ibm.com/ibmdl/export/pub/software/websphere/wasdev/maven/repository/org/eclipse/aether/aether-api/0.9.0.M2/aether-api-0.9.0.M2.pom
2020-12-01 21:08:55,122 [Worker-10: Update Maven projects configuration] INFO  o.e.m.c.i.e.AbstractTransferListenerAdapter - Downloading https://repo.maven.apache.org/maven2/org/eclipse/aether/aether-api/0.9.0.M2/aether-api-0.9.0.M2.pom
2020-12-01 21:08:55,269 [Worker-10: Update Maven projects configuration] INFO  o.e.m.c.i.e.AbstractTransferListenerAdapter - Downloaded https://repo.maven.apache.org/maven2/org/eclipse/aether/aether-api/0.9.0.M2/aether-api-0.9.0.M2.pom
2020-12-01 21:08:55,322 [Worker-12: Download sources and javadoc] INFO  o.e.m.c.i.e.AbstractTransferListenerAdapter - Downloaded http://public.dhe.ibm.com/ibmdl/export/pub/software/websphere/wasdev/maven/repository/org/springframework/spring-jcl/5.3.1/spring-jcl-5.3.1-sources.jar
2020-12-01 21:08:55,445 [Worker-12: Download sources and javadoc] INFO  o.e.m.c.i.e.AbstractTransferListenerAdapter - Downloading https://repo.maven.apache.org/maven2/org/springframework/spring-jcl/5.3.1/spring-jcl-5.3.1-sources.jar
2020-12-01 21:08:55,577 [Worker-12: Download sources and javadoc] INFO  o.e.m.c.i.e.AbstractTransferListenerAdapter - Downloaded https://repo.maven.apache.org/maven2/org/springframework/spring-jcl/5.3.1/spring-jcl-5.3.1-sources.jar
2020-12-01 21:08:55,613 [Worker-12: Download sources and javadoc] INFO  o.e.m.j.internal.DownloadSourcesJob - Downloaded sources for org.springframework:spring-jcl:5.3.1
2020-12-01 21:08:55,658 [Worker-10: Update Maven projects configuration] INFO  o.e.m.c.i.e.AbstractTransferListenerAdapter - Downloaded http://public.dhe.ibm.com/ibmdl/export/pub/software/websphere/wasdev/maven/repository/org/eclipse/aether/aether-spi/0.9.0.M2/aether-spi-0.9.0.M2.pom
2020-12-01 21:08:55,779 [Worker-10: Update Maven projects configuration] INFO  o.e.m.c.i.e.AbstractTransferListenerAdapter - Downloading https://repo.maven.apache.org/maven2/org/eclipse/aether/aether-spi/0.9.0.M2/aether-spi-0.9.0.M2.pom
2020-12-01 21:08:55,925 [Worker-10: Update Maven projects configuration] INFO  o.e.m.c.i.e.AbstractTransferListenerAdapter - Downloaded https://repo.maven.apache.org/maven2/org/eclipse/aether/aether-spi/0.9.0.M2/aether-spi-0.9.0.M2.pom
2020-12-01 21:08:55,974 [Worker-12: Download sources and javadoc] INFO  o.e.m.c.i.e.AbstractTransferListenerAdapter - Downloaded http://public.dhe.ibm.com/ibmdl/export/pub/software/websphere/wasdev/maven/repository/org/yaml/snakeyaml/1.27/snakeyaml-1.27-sources.jar
2020-12-01 21:08:56,097 [Worker-12: Download sources and javadoc] INFO  o.e.m.c.i.e.AbstractTransferListenerAdapter - Downloading https://repo.maven.apache.org/maven2/org/yaml/snakeyaml/1.27/snakeyaml-1.27-sources.jar
2020-12-01 21:08:56,324 [Worker-10: Update Maven projects configuration] INFO  o.e.m.c.i.e.AbstractTransferListenerAdapter - Downloaded http://public.dhe.ibm.com/ibmdl/export/pub/software/websphere/wasdev/maven/repository/org/eclipse/aether/aether-impl/0.9.0.M2/aether-impl-0.9.0.M2.pom
2020-12-01 21:08:56,446 [Worker-10: Update Maven projects configuration] INFO  o.e.m.c.i.e.AbstractTransferListenerAdapter - Downloading https://repo.maven.apache.org/maven2/org/eclipse/aether/aether-impl/0.9.0.M2/aether-impl-0.9.0.M2.pom
2020-12-01 21:08:56,541 [Worker-12: Download sources and javadoc] INFO  o.e.m.c.i.e.AbstractTransferListenerAdapter - Downloaded https://repo.maven.apache.org/maven2/org/yaml/snakeyaml/1.27/snakeyaml-1.27-sources.jar
2020-12-01 21:08:56,595 [Worker-10: Update Maven projects configuration] INFO  o.e.m.c.i.e.AbstractTransferListenerAdapter - Downloaded https://repo.maven.apache.org/maven2/org/eclipse/aether/aether-impl/0.9.0.M2/aether-impl-0.9.0.M2.pom
2020-12-01 21:08:56,619 [Worker-12: Download sources and javadoc] INFO  o.e.m.j.internal.DownloadSourcesJob - Downloaded sources for org.yaml:snakeyaml:1.27
2020-12-01 21:08:56,988 [Worker-12: Download sources and javadoc] INFO  o.e.m.c.i.e.AbstractTransferListenerAdapter - Downloaded http://public.dhe.ibm.com/ibmdl/export/pub/software/websphere/wasdev/maven/repository/org/springframework/boot/spring-boot-starter-test/2.4.0/spring-boot-starter-test-2.4.0-sources.jar
2020-12-01 21:08:56,988 [Worker-10: Update Maven projects configuration] INFO  o.e.m.c.i.e.AbstractTransferListenerAdapter - Downloaded http://public.dhe.ibm.com/ibmdl/export/pub/software/websphere/wasdev/maven/repository/org/codehaus/plexus/plexus-classworlds/2.4.2/plexus-classworlds-2.4.2.pom
2020-12-01 21:08:57,116 [Worker-12: Download sources and javadoc] INFO  o.e.m.c.i.e.AbstractTransferListenerAdapter - Downloading https://repo.maven.apache.org/maven2/org/springframework/boot/spring-boot-starter-test/2.4.0/spring-boot-starter-test-2.4.0-sources.jar
2020-12-01 21:08:57,116 [Worker-10: Update Maven projects configuration] INFO  o.e.m.c.i.e.AbstractTransferListenerAdapter - Downloading https://repo.maven.apache.org/maven2/org/codehaus/plexus/plexus-classworlds/2.4.2/plexus-classworlds-2.4.2.pom
2020-12-01 21:08:57,239 [Worker-10: Update Maven projects configuration] INFO  o.e.m.c.i.e.AbstractTransferListenerAdapter - Downloaded https://repo.maven.apache.org/maven2/org/codehaus/plexus/plexus-classworlds/2.4.2/plexus-classworlds-2.4.2.pom
2020-12-01 21:08:57,240 [Worker-12: Download sources and javadoc] INFO  o.e.m.c.i.e.AbstractTransferListenerAdapter - Downloaded https://repo.maven.apache.org/maven2/org/springframework/boot/spring-boot-starter-test/2.4.0/spring-boot-starter-test-2.4.0-sources.jar
2020-12-01 21:08:57,318 [Worker-12: Download sources and javadoc] INFO  o.e.m.j.internal.DownloadSourcesJob - Downloaded sources for org.springframework.boot:spring-boot-starter-test:2.4.0
2020-12-01 21:08:57,690 [Worker-12: Download sources and javadoc] INFO  o.e.m.c.i.e.AbstractTransferListenerAdapter - Downloaded http://public.dhe.ibm.com/ibmdl/export/pub/software/websphere/wasdev/maven/repository/org/springframework/boot/spring-boot-test/2.4.0/spring-boot-test-2.4.0-sources.jar
2020-12-01 21:08:57,722 [Worker-10: Update Maven projects configuration] INFO  o.e.m.c.i.e.AbstractTransferListenerAdapter - Downloaded http://public.dhe.ibm.com/ibmdl/export/pub/software/websphere/wasdev/maven/repository/org/codehaus/plexus/plexus-interpolation/1.26/plexus-interpolation-1.26.pom
2020-12-01 21:08:57,824 [Worker-12: Download sources and javadoc] INFO  o.e.m.c.i.e.AbstractTransferListenerAdapter - Downloading https://repo.maven.apache.org/maven2/org/springframework/boot/spring-boot-test/2.4.0/spring-boot-test-2.4.0-sources.jar
2020-12-01 21:08:57,852 [Worker-10: Update Maven projects configuration] INFO  o.e.m.c.i.e.AbstractTransferListenerAdapter - Downloading https://repo.maven.apache.org/maven2/org/codehaus/plexus/plexus-interpolation/1.26/plexus-interpolation-1.26.pom
2020-12-01 21:08:57,981 [Worker-10: Update Maven projects configuration] INFO  o.e.m.c.i.e.AbstractTransferListenerAdapter - Downloaded https://repo.maven.apache.org/maven2/org/codehaus/plexus/plexus-interpolation/1.26/plexus-interpolation-1.26.pom
2020-12-01 21:08:58,203 [Worker-12: Download sources and javadoc] INFO  o.e.m.c.i.e.AbstractTransferListenerAdapter - Downloaded https://repo.maven.apache.org/maven2/org/springframework/boot/spring-boot-test/2.4.0/spring-boot-test-2.4.0-sources.jar
2020-12-01 21:08:58,290 [Worker-12: Download sources and javadoc] INFO  o.e.m.j.internal.DownloadSourcesJob - Downloaded sources for org.springframework.boot:spring-boot-test:2.4.0
2020-12-01 21:08:58,358 [Worker-10: Update Maven projects configuration] INFO  o.e.m.c.i.e.AbstractTransferListenerAdapter - Downloaded http://public.dhe.ibm.com/ibmdl/export/pub/software/websphere/wasdev/maven/repository/org/apache/maven/shared/maven-filtering/3.2.0/maven-filtering-3.2.0.pom
2020-12-01 21:08:58,486 [Worker-10: Update Maven projects configuration] INFO  o.e.m.c.i.e.AbstractTransferListenerAdapter - Downloading https://repo.maven.apache.org/maven2/org/apache/maven/shared/maven-filtering/3.2.0/maven-filtering-3.2.0.pom
2020-12-01 21:08:58,620 [Worker-10: Update Maven projects configuration] INFO  o.e.m.c.i.e.AbstractTransferListenerAdapter - Downloaded https://repo.maven.apache.org/maven2/org/apache/maven/shared/maven-filtering/3.2.0/maven-filtering-3.2.0.pom
2020-12-01 21:08:58,655 [Worker-12: Download sources and javadoc] INFO  o.e.m.c.i.e.AbstractTransferListenerAdapter - Downloaded http://public.dhe.ibm.com/ibmdl/export/pub/software/websphere/wasdev/maven/repository/org/springframework/boot/spring-boot-test-autoconfigure/2.4.0/spring-boot-test-autoconfigure-2.4.0-sources.jar
2020-12-01 21:08:58,792 [Worker-12: Download sources and javadoc] INFO  o.e.m.c.i.e.AbstractTransferListenerAdapter - Downloading https://repo.maven.apache.org/maven2/org/springframework/boot/spring-boot-test-autoconfigure/2.4.0/spring-boot-test-autoconfigure-2.4.0-sources.jar
2020-12-01 21:08:58,998 [Worker-10: Update Maven projects configuration] INFO  o.e.m.c.i.e.AbstractTransferListenerAdapter - Downloaded http://public.dhe.ibm.com/ibmdl/export/pub/software/websphere/wasdev/maven/repository/org/apache/maven/shared/maven-shared-components/34/maven-shared-components-34.pom
2020-12-01 21:08:59,135 [Worker-10: Update Maven projects configuration] INFO  o.e.m.c.i.e.AbstractTransferListenerAdapter - Downloading https://repo.maven.apache.org/maven2/org/apache/maven/shared/maven-shared-components/34/maven-shared-components-34.pom
2020-12-01 21:08:59,173 [Worker-12: Download sources and javadoc] INFO  o.e.m.c.i.e.AbstractTransferListenerAdapter - Downloaded https://repo.maven.apache.org/maven2/org/springframework/boot/spring-boot-test-autoconfigure/2.4.0/spring-boot-test-autoconfigure-2.4.0-sources.jar
2020-12-01 21:08:59,300 [Worker-10: Update Maven projects configuration] INFO  o.e.m.c.i.e.AbstractTransferListenerAdapter - Downloaded https://repo.maven.apache.org/maven2/org/apache/maven/shared/maven-shared-components/34/maven-shared-components-34.pom
2020-12-01 21:08:59,341 [Worker-12: Download sources and javadoc] INFO  o.e.m.j.internal.DownloadSourcesJob - Downloaded sources for org.springframework.boot:spring-boot-test-autoconfigure:2.4.0
2020-12-01 21:08:59,786 [Worker-12: Download sources and javadoc] INFO  o.e.m.c.i.e.AbstractTransferListenerAdapter - Downloaded http://public.dhe.ibm.com/ibmdl/export/pub/software/websphere/wasdev/maven/repository/org/assertj/assertj-core/3.18.1/assertj-core-3.18.1-sources.jar
2020-12-01 21:08:59,791 [Worker-10: Update Maven projects configuration] INFO  o.e.m.c.i.e.AbstractTransferListenerAdapter - Downloaded http://public.dhe.ibm.com/ibmdl/export/pub/software/websphere/wasdev/maven/repository/org/apache/maven/shared/maven-shared-utils/3.3.3/maven-shared-utils-3.3.3.pom
2020-12-01 21:08:59,916 [Worker-10: Update Maven projects configuration] INFO  o.e.m.c.i.e.AbstractTransferListenerAdapter - Downloading https://repo.maven.apache.org/maven2/org/apache/maven/shared/maven-shared-utils/3.3.3/maven-shared-utils-3.3.3.pom
2020-12-01 21:08:59,929 [Worker-12: Download sources and javadoc] INFO  o.e.m.c.i.e.AbstractTransferListenerAdapter - Downloading https://repo.maven.apache.org/maven2/org/assertj/assertj-core/3.18.1/assertj-core-3.18.1-sources.jar
2020-12-01 21:09:00,113 [Worker-10: Update Maven projects configuration] INFO  o.e.m.c.i.e.AbstractTransferListenerAdapter - Downloaded https://repo.maven.apache.org/maven2/org/apache/maven/shared/maven-shared-utils/3.3.3/maven-shared-utils-3.3.3.pom
2020-12-01 21:09:00,916 [Worker-10: Update Maven projects configuration] INFO  o.e.m.c.i.e.AbstractTransferListenerAdapter - Downloaded http://public.dhe.ibm.com/ibmdl/export/pub/software/websphere/wasdev/maven/repository/org/apache/maven/maven-plugin-api/3.1.0/maven-plugin-api-3.1.0.jar
2020-12-01 21:09:01,271 [Worker-10: Update Maven projects configuration] INFO  o.e.m.c.i.e.AbstractTransferListenerAdapter - Downloaded http://public.dhe.ibm.com/ibmdl/export/pub/software/websphere/wasdev/maven/repository/org/apache/maven/maven-artifact/3.1.0/maven-artifact-3.1.0.jar
2020-12-01 21:09:01,628 [Worker-10: Update Maven projects configuration] INFO  o.e.m.c.i.e.AbstractTransferListenerAdapter - Downloaded http://public.dhe.ibm.com/ibmdl/export/pub/software/websphere/wasdev/maven/repository/org/apache/maven/maven-core/3.1.0/maven-core-3.1.0.jar
2020-12-01 21:09:01,981 [Worker-10: Update Maven projects configuration] INFO  o.e.m.c.i.e.AbstractTransferListenerAdapter - Downloaded http://public.dhe.ibm.com/ibmdl/export/pub/software/websphere/wasdev/maven/repository/org/apache/maven/maven-settings/3.1.0/maven-settings-3.1.0.jar
2020-12-01 21:09:02,073 [Worker-12: Download sources and javadoc] INFO  o.e.m.c.i.e.AbstractTransferListenerAdapter - Downloaded https://repo.maven.apache.org/maven2/org/assertj/assertj-core/3.18.1/assertj-core-3.18.1-sources.jar
2020-12-01 21:09:02,118 [Worker-12: Download sources and javadoc] INFO  o.e.m.j.internal.DownloadSourcesJob - Downloaded sources for org.assertj:assertj-core:3.18.1
2020-12-01 21:09:02,336 [Worker-10: Update Maven projects configuration] INFO  o.e.m.c.i.e.AbstractTransferListenerAdapter - Downloaded http://public.dhe.ibm.com/ibmdl/export/pub/software/websphere/wasdev/maven/repository/org/apache/maven/maven-settings-builder/3.1.0/maven-settings-builder-3.1.0.jar
2020-12-01 21:09:02,478 [Worker-12: Download sources and javadoc] INFO  o.e.m.c.i.e.AbstractTransferListenerAdapter - Downloaded http://public.dhe.ibm.com/ibmdl/export/pub/software/websphere/wasdev/maven/repository/org/junit/jupiter/junit-jupiter/5.7.0/junit-jupiter-5.7.0-sources.jar
2020-12-01 21:09:02,600 [Worker-12: Download sources and javadoc] INFO  o.e.m.c.i.e.AbstractTransferListenerAdapter - Downloading https://repo.maven.apache.org/maven2/org/junit/jupiter/junit-jupiter/5.7.0/junit-jupiter-5.7.0-sources.jar
2020-12-01 21:09:02,691 [Worker-10: Update Maven projects configuration] INFO  o.e.m.c.i.e.AbstractTransferListenerAdapter - Downloaded http://public.dhe.ibm.com/ibmdl/export/pub/software/websphere/wasdev/maven/repository/org/apache/maven/maven-repository-metadata/3.1.0/maven-repository-metadata-3.1.0.jar
2020-12-01 21:09:02,723 [Worker-12: Download sources and javadoc] INFO  o.e.m.c.i.e.AbstractTransferListenerAdapter - Downloaded https://repo.maven.apache.org/maven2/org/junit/jupiter/junit-jupiter/5.7.0/junit-jupiter-5.7.0-sources.jar
2020-12-01 21:09:02,801 [Worker-12: Download sources and javadoc] INFO  o.e.m.j.internal.DownloadSourcesJob - Downloaded sources for org.junit.jupiter:junit-jupiter:5.7.0
2020-12-01 21:09:03,048 [Worker-10: Update Maven projects configuration] INFO  o.e.m.c.i.e.AbstractTransferListenerAdapter - Downloaded http://public.dhe.ibm.com/ibmdl/export/pub/software/websphere/wasdev/maven/repository/org/apache/maven/maven-model-builder/3.1.0/maven-model-builder-3.1.0.jar
2020-12-01 21:09:03,161 [Worker-12: Download sources and javadoc] INFO  o.e.m.c.i.e.AbstractTransferListenerAdapter - Downloaded http://public.dhe.ibm.com/ibmdl/export/pub/software/websphere/wasdev/maven/repository/org/junit/jupiter/junit-jupiter-api/5.7.0/junit-jupiter-api-5.7.0-sources.jar
2020-12-01 21:09:03,284 [Worker-12: Download sources and javadoc] INFO  o.e.m.c.i.e.AbstractTransferListenerAdapter - Downloading https://repo.maven.apache.org/maven2/org/junit/jupiter/junit-jupiter-api/5.7.0/junit-jupiter-api-5.7.0-sources.jar
2020-12-01 21:09:03,564 [Worker-10: Update Maven projects configuration] INFO  o.e.m.c.i.e.AbstractTransferListenerAdapter - Downloaded http://public.dhe.ibm.com/ibmdl/export/pub/software/websphere/wasdev/maven/repository/org/apache/maven/maven-aether-provider/3.1.0/maven-aether-provider-3.1.0.jar
2020-12-01 21:09:03,637 [Worker-12: Download sources and javadoc] INFO  o.e.m.c.i.e.AbstractTransferListenerAdapter - Downloaded https://repo.maven.apache.org/maven2/org/junit/jupiter/junit-jupiter-api/5.7.0/junit-jupiter-api-5.7.0-sources.jar
2020-12-01 21:09:03,692 [Worker-12: Download sources and javadoc] INFO  o.e.m.j.internal.DownloadSourcesJob - Downloaded sources for org.junit.jupiter:junit-jupiter-api:5.7.0
2020-12-01 21:09:03,935 [Worker-10: Update Maven projects configuration] INFO  o.e.m.c.i.e.AbstractTransferListenerAdapter - Downloaded http://public.dhe.ibm.com/ibmdl/export/pub/software/websphere/wasdev/maven/repository/org/eclipse/aether/aether-spi/0.9.0.M2/aether-spi-0.9.0.M2.jar
2020-12-01 21:09:04,049 [Worker-12: Download sources and javadoc] INFO  o.e.m.c.i.e.AbstractTransferListenerAdapter - Downloaded http://public.dhe.ibm.com/ibmdl/export/pub/software/websphere/wasdev/maven/repository/org/junit/platform/junit-platform-commons/1.7.0/junit-platform-commons-1.7.0-sources.jar
2020-12-01 21:09:04,175 [Worker-12: Download sources and javadoc] INFO  o.e.m.c.i.e.AbstractTransferListenerAdapter - Downloading https://repo.maven.apache.org/maven2/org/junit/platform/junit-platform-commons/1.7.0/junit-platform-commons-1.7.0-sources.jar
2020-12-01 21:09:04,290 [Worker-10: Update Maven projects configuration] INFO  o.e.m.c.i.e.AbstractTransferListenerAdapter - Downloaded http://public.dhe.ibm.com/ibmdl/export/pub/software/websphere/wasdev/maven/repository/org/eclipse/aether/aether-impl/0.9.0.M2/aether-impl-0.9.0.M2.jar
2020-12-01 21:09:04,411 [Worker-12: Download sources and javadoc] INFO  o.e.m.c.i.e.AbstractTransferListenerAdapter - Downloaded https://repo.maven.apache.org/maven2/org/junit/platform/junit-platform-commons/1.7.0/junit-platform-commons-1.7.0-sources.jar
2020-12-01 21:09:04,492 [Worker-12: Download sources and javadoc] INFO  o.e.m.j.internal.DownloadSourcesJob - Downloaded sources for org.junit.platform:junit-platform-commons:1.7.0
2020-12-01 21:09:04,644 [Worker-10: Update Maven projects configuration] INFO  o.e.m.c.i.e.AbstractTransferListenerAdapter - Downloaded http://public.dhe.ibm.com/ibmdl/export/pub/software/websphere/wasdev/maven/repository/org/eclipse/aether/aether-api/0.9.0.M2/aether-api-0.9.0.M2.jar
2020-12-01 21:09:04,851 [Worker-12: Download sources and javadoc] INFO  o.e.m.c.i.e.AbstractTransferListenerAdapter - Downloaded http://public.dhe.ibm.com/ibmdl/export/pub/software/websphere/wasdev/maven/repository/org/junit/jupiter/junit-jupiter-params/5.7.0/junit-jupiter-params-5.7.0-sources.jar
2020-12-01 21:09:04,983 [Worker-12: Download sources and javadoc] INFO  o.e.m.c.i.e.AbstractTransferListenerAdapter - Downloading https://repo.maven.apache.org/maven2/org/junit/jupiter/junit-jupiter-params/5.7.0/junit-jupiter-params-5.7.0-sources.jar
2020-12-01 21:09:05,002 [Worker-10: Update Maven projects configuration] INFO  o.e.m.c.i.e.AbstractTransferListenerAdapter - Downloaded http://public.dhe.ibm.com/ibmdl/export/pub/software/websphere/wasdev/maven/repository/org/codehaus/plexus/plexus-utils/3.0.10/plexus-utils-3.0.10.jar
2020-12-01 21:09:05,369 [Worker-10: Update Maven projects configuration] INFO  o.e.m.c.i.e.AbstractTransferListenerAdapter - Downloaded http://public.dhe.ibm.com/ibmdl/export/pub/software/websphere/wasdev/maven/repository/org/codehaus/plexus/plexus-classworlds/2.4.2/plexus-classworlds-2.4.2.jar
2020-12-01 21:09:05,727 [Worker-10: Update Maven projects configuration] INFO  o.e.m.c.i.e.AbstractTransferListenerAdapter - Downloaded http://public.dhe.ibm.com/ibmdl/export/pub/software/websphere/wasdev/maven/repository/org/apache/maven/maven-model/3.1.0/maven-model-3.1.0.jar
2020-12-01 21:09:05,915 [Worker-12: Download sources and javadoc] INFO  o.e.m.c.i.e.AbstractTransferListenerAdapter - Downloaded https://repo.maven.apache.org/maven2/org/junit/jupiter/junit-jupiter-params/5.7.0/junit-jupiter-params-5.7.0-sources.jar
2020-12-01 21:09:05,998 [Worker-12: Download sources and javadoc] INFO  o.e.m.j.internal.DownloadSourcesJob - Downloaded sources for org.junit.jupiter:junit-jupiter-params:5.7.0
2020-12-01 21:09:06,092 [Worker-10: Update Maven projects configuration] INFO  o.e.m.c.i.e.AbstractTransferListenerAdapter - Downloaded http://public.dhe.ibm.com/ibmdl/export/pub/software/websphere/wasdev/maven/repository/org/codehaus/plexus/plexus-component-annotations/2.0.0/plexus-component-annotations-2.0.0.jar
2020-12-01 21:09:06,372 [Worker-12: Download sources and javadoc] INFO  o.e.m.c.i.e.AbstractTransferListenerAdapter - Downloaded http://public.dhe.ibm.com/ibmdl/export/pub/software/websphere/wasdev/maven/repository/org/junit/jupiter/junit-jupiter-engine/5.7.0/junit-jupiter-engine-5.7.0-sources.jar
2020-12-01 21:09:06,450 [Worker-10: Update Maven projects configuration] INFO  o.e.m.c.i.e.AbstractTransferListenerAdapter - Downloaded http://public.dhe.ibm.com/ibmdl/export/pub/software/websphere/wasdev/maven/repository/org/codehaus/plexus/plexus-interpolation/1.26/plexus-interpolation-1.26.jar
2020-12-01 21:09:06,501 [Worker-12: Download sources and javadoc] INFO  o.e.m.c.i.e.AbstractTransferListenerAdapter - Downloading https://repo.maven.apache.org/maven2/org/junit/jupiter/junit-jupiter-engine/5.7.0/junit-jupiter-engine-5.7.0-sources.jar
2020-12-01 21:09:06,801 [Worker-12: Download sources and javadoc] INFO  o.e.m.c.i.e.AbstractTransferListenerAdapter - Downloaded https://repo.maven.apache.org/maven2/org/junit/jupiter/junit-jupiter-engine/5.7.0/junit-jupiter-engine-5.7.0-sources.jar
2020-12-01 21:09:06,811 [Worker-10: Update Maven projects configuration] INFO  o.e.m.c.i.e.AbstractTransferListenerAdapter - Downloaded http://public.dhe.ibm.com/ibmdl/export/pub/software/websphere/wasdev/maven/repository/org/eclipse/sisu/org.eclipse.sisu.plexus/0.0.0.M2a/org.eclipse.sisu.plexus-0.0.0.M2a.jar
2020-12-01 21:09:06,881 [Worker-12: Download sources and javadoc] INFO  o.e.m.j.internal.DownloadSourcesJob - Downloaded sources for org.junit.jupiter:junit-jupiter-engine:5.7.0
2020-12-01 21:09:07,180 [Worker-10: Update Maven projects configuration] INFO  o.e.m.c.i.e.AbstractTransferListenerAdapter - Downloaded http://public.dhe.ibm.com/ibmdl/export/pub/software/websphere/wasdev/maven/repository/com/google/guava/guava/10.0.1/guava-10.0.1.jar
2020-12-01 21:09:07,414 [Worker-12: Download sources and javadoc] INFO  o.e.m.c.i.e.AbstractTransferListenerAdapter - Downloaded http://public.dhe.ibm.com/ibmdl/export/pub/software/websphere/wasdev/maven/repository/org/junit/platform/junit-platform-engine/1.7.0/junit-platform-engine-1.7.0-sources.jar
2020-12-01 21:09:07,544 [Worker-12: Download sources and javadoc] INFO  o.e.m.c.i.e.AbstractTransferListenerAdapter - Downloading https://repo.maven.apache.org/maven2/org/junit/platform/junit-platform-engine/1.7.0/junit-platform-engine-1.7.0-sources.jar
2020-12-01 21:09:07,546 [Worker-10: Update Maven projects configuration] INFO  o.e.m.c.i.e.AbstractTransferListenerAdapter - Downloaded http://public.dhe.ibm.com/ibmdl/export/pub/software/websphere/wasdev/maven/repository/com/google/code/findbugs/jsr305/1.3.9/jsr305-1.3.9.jar
2020-12-01 21:09:07,902 [Worker-12: Download sources and javadoc] INFO  o.e.m.c.i.e.AbstractTransferListenerAdapter - Downloaded https://repo.maven.apache.org/maven2/org/junit/platform/junit-platform-engine/1.7.0/junit-platform-engine-1.7.0-sources.jar
2020-12-01 21:09:07,905 [Worker-10: Update Maven projects configuration] INFO  o.e.m.c.i.e.AbstractTransferListenerAdapter - Downloaded http://public.dhe.ibm.com/ibmdl/export/pub/software/websphere/wasdev/maven/repository/org/sonatype/sisu/sisu-guice/3.1.0/sisu-guice-3.1.0-no_aop.jar
2020-12-01 21:09:07,991 [Worker-12: Download sources and javadoc] INFO  o.e.m.j.internal.DownloadSourcesJob - Downloaded sources for org.junit.platform:junit-platform-engine:1.7.0
2020-12-01 21:09:08,266 [Worker-10: Update Maven projects configuration] INFO  o.e.m.c.i.e.AbstractTransferListenerAdapter - Downloaded http://public.dhe.ibm.com/ibmdl/export/pub/software/websphere/wasdev/maven/repository/org/eclipse/sisu/org.eclipse.sisu.inject/0.0.0.M2a/org.eclipse.sisu.inject-0.0.0.M2a.jar
2020-12-01 21:09:08,363 [Worker-12: Download sources and javadoc] INFO  o.e.m.c.i.e.AbstractTransferListenerAdapter - Downloaded http://public.dhe.ibm.com/ibmdl/export/pub/software/websphere/wasdev/maven/repository/org/mockito/mockito-core/3.6.0/mockito-core-3.6.0-sources.jar
2020-12-01 21:09:08,491 [Worker-12: Download sources and javadoc] INFO  o.e.m.c.i.e.AbstractTransferListenerAdapter - Downloading https://repo.maven.apache.org/maven2/org/mockito/mockito-core/3.6.0/mockito-core-3.6.0-sources.jar
2020-12-01 21:09:08,631 [Worker-10: Update Maven projects configuration] INFO  o.e.m.c.i.e.AbstractTransferListenerAdapter - Downloaded http://public.dhe.ibm.com/ibmdl/export/pub/software/websphere/wasdev/maven/repository/asm/asm/3.3.1/asm-3.3.1.jar
2020-12-01 21:09:08,991 [Worker-10: Update Maven projects configuration] INFO  o.e.m.c.i.e.AbstractTransferListenerAdapter - Downloaded http://public.dhe.ibm.com/ibmdl/export/pub/software/websphere/wasdev/maven/repository/org/apache/maven/shared/maven-filtering/3.2.0/maven-filtering-3.2.0.jar
2020-12-01 21:09:09,346 [Worker-10: Update Maven projects configuration] INFO  o.e.m.c.i.e.AbstractTransferListenerAdapter - Downloaded http://public.dhe.ibm.com/ibmdl/export/pub/software/websphere/wasdev/maven/repository/org/apache/maven/shared/maven-shared-utils/3.3.3/maven-shared-utils-3.3.3.jar
2020-12-01 21:09:09,475 [Worker-12: Download sources and javadoc] INFO  o.e.m.c.i.e.AbstractTransferListenerAdapter - Downloaded https://repo.maven.apache.org/maven2/org/mockito/mockito-core/3.6.0/mockito-core-3.6.0-sources.jar
2020-12-01 21:09:09,554 [Worker-12: Download sources and javadoc] INFO  o.e.m.j.internal.DownloadSourcesJob - Downloaded sources for org.mockito:mockito-core:3.6.0
2020-12-01 21:09:09,703 [Worker-10: Update Maven projects configuration] INFO  o.e.m.c.i.e.AbstractTransferListenerAdapter - Downloaded http://public.dhe.ibm.com/ibmdl/export/pub/software/websphere/wasdev/maven/repository/commons-io/commons-io/2.6/commons-io-2.6.jar
2020-12-01 21:09:09,916 [Worker-12: Download sources and javadoc] INFO  o.e.m.c.i.e.AbstractTransferListenerAdapter - Downloaded http://public.dhe.ibm.com/ibmdl/export/pub/software/websphere/wasdev/maven/repository/net/bytebuddy/byte-buddy/1.10.18/byte-buddy-1.10.18-sources.jar
2020-12-01 21:09:10,043 [Worker-12: Download sources and javadoc] INFO  o.e.m.c.i.e.AbstractTransferListenerAdapter - Downloading https://repo.maven.apache.org/maven2/net/bytebuddy/byte-buddy/1.10.18/byte-buddy-1.10.18-sources.jar
2020-12-01 21:09:10,069 [Worker-10: Update Maven projects configuration] INFO  o.e.m.c.i.e.AbstractTransferListenerAdapter - Downloaded http://public.dhe.ibm.com/ibmdl/export/pub/software/websphere/wasdev/maven/repository/org/apache/commons/commons-lang3/3.8.1/commons-lang3-3.8.1.jar
2020-12-01 21:09:10,273 [Worker-10: Update Maven projects configuration] INFO  o.e.m.c.i.e.AbstractTransferListenerAdapter - Downloading https://repo.maven.apache.org/maven2/org/apache/maven/maven-plugin-api/3.1.0/maven-plugin-api-3.1.0.jar
2020-12-01 21:09:10,564 [Worker-10: Update Maven projects configuration] INFO  o.e.m.c.i.e.AbstractTransferListenerAdapter - Downloaded https://repo.maven.apache.org/maven2/org/apache/maven/maven-plugin-api/3.1.0/maven-plugin-api-3.1.0.jar
2020-12-01 21:09:10,687 [Worker-10: Update Maven projects configuration] INFO  o.e.m.c.i.e.AbstractTransferListenerAdapter - Downloading https://repo.maven.apache.org/maven2/org/apache/maven/maven-artifact/3.1.0/maven-artifact-3.1.0.jar
2020-12-01 21:09:10,853 [Worker-10: Update Maven projects configuration] INFO  o.e.m.c.i.e.AbstractTransferListenerAdapter - Downloaded https://repo.maven.apache.org/maven2/org/apache/maven/maven-artifact/3.1.0/maven-artifact-3.1.0.jar
2020-12-01 21:09:10,979 [Worker-10: Update Maven projects configuration] INFO  o.e.m.c.i.e.AbstractTransferListenerAdapter - Downloading https://repo.maven.apache.org/maven2/org/apache/maven/maven-core/3.1.0/maven-core-3.1.0.jar
2020-12-01 21:09:12,029 [Worker-10: Update Maven projects configuration] INFO  o.e.m.c.i.e.AbstractTransferListenerAdapter - Downloaded https://repo.maven.apache.org/maven2/org/apache/maven/maven-core/3.1.0/maven-core-3.1.0.jar
2020-12-01 21:09:12,160 [Worker-10: Update Maven projects configuration] INFO  o.e.m.c.i.e.AbstractTransferListenerAdapter - Downloading https://repo.maven.apache.org/maven2/org/apache/maven/maven-settings/3.1.0/maven-settings-3.1.0.jar
2020-12-01 21:09:12,236 [Worker-12: Download sources and javadoc] INFO  o.e.m.c.i.e.AbstractTransferListenerAdapter - Downloaded https://repo.maven.apache.org/maven2/net/bytebuddy/byte-buddy/1.10.18/byte-buddy-1.10.18-sources.jar
2020-12-01 21:09:12,341 [Worker-10: Update Maven projects configuration] INFO  o.e.m.c.i.e.AbstractTransferListenerAdapter - Downloaded https://repo.maven.apache.org/maven2/org/apache/maven/maven-settings/3.1.0/maven-settings-3.1.0.jar
2020-12-01 21:09:12,447 [Worker-12: Download sources and javadoc] INFO  o.e.m.j.internal.DownloadSourcesJob - Downloaded sources for net.bytebuddy:byte-buddy:1.10.18
2020-12-01 21:09:12,468 [Worker-10: Update Maven projects configuration] INFO  o.e.m.c.i.e.AbstractTransferListenerAdapter - Downloading https://repo.maven.apache.org/maven2/org/apache/maven/maven-settings-builder/3.1.0/maven-settings-builder-3.1.0.jar
2020-12-01 21:09:12,627 [Worker-10: Update Maven projects configuration] INFO  o.e.m.c.i.e.AbstractTransferListenerAdapter - Downloaded https://repo.maven.apache.org/maven2/org/apache/maven/maven-settings-builder/3.1.0/maven-settings-builder-3.1.0.jar
2020-12-01 21:09:12,753 [Worker-10: Update Maven projects configuration] INFO  o.e.m.c.i.e.AbstractTransferListenerAdapter - Downloading https://repo.maven.apache.org/maven2/org/apache/maven/maven-repository-metadata/3.1.0/maven-repository-metadata-3.1.0.jar
2020-12-01 21:09:12,820 [Worker-12: Download sources and javadoc] INFO  o.e.m.c.i.e.AbstractTransferListenerAdapter - Downloaded http://public.dhe.ibm.com/ibmdl/export/pub/software/websphere/wasdev/maven/repository/net/bytebuddy/byte-buddy-agent/1.10.18/byte-buddy-agent-1.10.18-sources.jar
2020-12-01 21:09:12,904 [Worker-10: Update Maven projects configuration] INFO  o.e.m.c.i.e.AbstractTransferListenerAdapter - Downloaded https://repo.maven.apache.org/maven2/org/apache/maven/maven-repository-metadata/3.1.0/maven-repository-metadata-3.1.0.jar
2020-12-01 21:09:12,953 [Worker-12: Download sources and javadoc] INFO  o.e.m.c.i.e.AbstractTransferListenerAdapter - Downloading https://repo.maven.apache.org/maven2/net/bytebuddy/byte-buddy-agent/1.10.18/byte-buddy-agent-1.10.18-sources.jar
2020-12-01 21:09:13,028 [Worker-10: Update Maven projects configuration] INFO  o.e.m.c.i.e.AbstractTransferListenerAdapter - Downloading https://repo.maven.apache.org/maven2/org/apache/maven/maven-model-builder/3.1.0/maven-model-builder-3.1.0.jar
2020-12-01 21:09:13,396 [Worker-10: Update Maven projects configuration] INFO  o.e.m.c.i.e.AbstractTransferListenerAdapter - Downloaded https://repo.maven.apache.org/maven2/org/apache/maven/maven-model-builder/3.1.0/maven-model-builder-3.1.0.jar
2020-12-01 21:09:13,422 [Worker-12: Download sources and javadoc] INFO  o.e.m.c.i.e.AbstractTransferListenerAdapter - Downloaded https://repo.maven.apache.org/maven2/net/bytebuddy/byte-buddy-agent/1.10.18/byte-buddy-agent-1.10.18-sources.jar
2020-12-01 21:09:13,525 [Worker-10: Update Maven projects configuration] INFO  o.e.m.c.i.e.AbstractTransferListenerAdapter - Downloading https://repo.maven.apache.org/maven2/org/apache/maven/maven-aether-provider/3.1.0/maven-aether-provider-3.1.0.jar
2020-12-01 21:09:13,705 [Worker-10: Update Maven projects configuration] INFO  o.e.m.c.i.e.AbstractTransferListenerAdapter - Downloaded https://repo.maven.apache.org/maven2/org/apache/maven/maven-aether-provider/3.1.0/maven-aether-provider-3.1.0.jar
2020-12-01 21:09:13,832 [Worker-10: Update Maven projects configuration] INFO  o.e.m.c.i.e.AbstractTransferListenerAdapter - Downloading https://repo.maven.apache.org/maven2/org/eclipse/aether/aether-spi/0.9.0.M2/aether-spi-0.9.0.M2.jar
2020-12-01 21:09:13,949 [Worker-12: Download sources and javadoc] INFO  o.e.m.j.internal.DownloadSourcesJob - Downloaded sources for net.bytebuddy:byte-buddy-agent:1.10.18
2020-12-01 21:09:13,973 [Worker-10: Update Maven projects configuration] INFO  o.e.m.c.i.e.AbstractTransferListenerAdapter - Downloaded https://repo.maven.apache.org/maven2/org/eclipse/aether/aether-spi/0.9.0.M2/aether-spi-0.9.0.M2.jar
2020-12-01 21:09:14,094 [Worker-10: Update Maven projects configuration] INFO  o.e.m.c.i.e.AbstractTransferListenerAdapter - Downloading https://repo.maven.apache.org/maven2/org/eclipse/aether/aether-impl/0.9.0.M2/aether-impl-0.9.0.M2.jar
2020-12-01 21:09:14,318 [Worker-12: Download sources and javadoc] INFO  o.e.m.c.i.e.AbstractTransferListenerAdapter - Downloaded http://public.dhe.ibm.com/ibmdl/export/pub/software/websphere/wasdev/maven/repository/org/objenesis/objenesis/3.1/objenesis-3.1-sources.jar
2020-12-01 21:09:14,458 [Worker-10: Update Maven projects configuration] INFO  o.e.m.c.i.e.AbstractTransferListenerAdapter - Downloaded https://repo.maven.apache.org/maven2/org/eclipse/aether/aether-impl/0.9.0.M2/aether-impl-0.9.0.M2.jar
2020-12-01 21:09:14,464 [Worker-12: Download sources and javadoc] INFO  o.e.m.c.i.e.AbstractTransferListenerAdapter - Downloading https://repo.maven.apache.org/maven2/org/objenesis/objenesis/3.1/objenesis-3.1-sources.jar
2020-12-01 21:09:14,587 [Worker-10: Update Maven projects configuration] INFO  o.e.m.c.i.e.AbstractTransferListenerAdapter - Downloading https://repo.maven.apache.org/maven2/org/eclipse/aether/aether-api/0.9.0.M2/aether-api-0.9.0.M2.jar
2020-12-01 21:09:14,656 [Worker-12: Download sources and javadoc] INFO  o.e.m.c.i.e.AbstractTransferListenerAdapter - Downloaded https://repo.maven.apache.org/maven2/org/objenesis/objenesis/3.1/objenesis-3.1-sources.jar
2020-12-01 21:09:14,743 [Worker-12: Download sources and javadoc] INFO  o.e.m.j.internal.DownloadSourcesJob - Downloaded sources for org.objenesis:objenesis:3.1
2020-12-01 21:09:14,932 [Worker-10: Update Maven projects configuration] INFO  o.e.m.c.i.e.AbstractTransferListenerAdapter - Downloaded https://repo.maven.apache.org/maven2/org/eclipse/aether/aether-api/0.9.0.M2/aether-api-0.9.0.M2.jar
2020-12-01 21:09:15,057 [Worker-10: Update Maven projects configuration] INFO  o.e.m.c.i.e.AbstractTransferListenerAdapter - Downloading https://repo.maven.apache.org/maven2/org/codehaus/plexus/plexus-utils/3.0.10/plexus-utils-3.0.10.jar
2020-12-01 21:09:15,222 [Worker-12: Download sources and javadoc] INFO  o.e.m.c.i.e.AbstractTransferListenerAdapter - Downloaded http://public.dhe.ibm.com/ibmdl/export/pub/software/websphere/wasdev/maven/repository/org/mockito/mockito-junit-jupiter/3.6.0/mockito-junit-jupiter-3.6.0-sources.jar
2020-12-01 21:09:15,347 [Worker-12: Download sources and javadoc] INFO  o.e.m.c.i.e.AbstractTransferListenerAdapter - Downloading https://repo.maven.apache.org/maven2/org/mockito/mockito-junit-jupiter/3.6.0/mockito-junit-jupiter-3.6.0-sources.jar
2020-12-01 21:09:15,489 [Worker-12: Download sources and javadoc] INFO  o.e.m.c.i.e.AbstractTransferListenerAdapter - Downloaded https://repo.maven.apache.org/maven2/org/mockito/mockito-junit-jupiter/3.6.0/mockito-junit-jupiter-3.6.0-sources.jar
2020-12-01 21:09:15,512 [Worker-10: Update Maven projects configuration] INFO  o.e.m.c.i.e.AbstractTransferListenerAdapter - Downloaded https://repo.maven.apache.org/maven2/org/codehaus/plexus/plexus-utils/3.0.10/plexus-utils-3.0.10.jar
2020-12-01 21:09:15,539 [Worker-12: Download sources and javadoc] INFO  o.e.m.j.internal.DownloadSourcesJob - Downloaded sources for org.mockito:mockito-junit-jupiter:3.6.0
2020-12-01 21:09:15,633 [Worker-10: Update Maven projects configuration] INFO  o.e.m.c.i.e.AbstractTransferListenerAdapter - Downloading https://repo.maven.apache.org/maven2/org/codehaus/plexus/plexus-classworlds/2.4.2/plexus-classworlds-2.4.2.jar
2020-12-01 21:09:15,775 [Worker-10: Update Maven projects configuration] INFO  o.e.m.c.i.e.AbstractTransferListenerAdapter - Downloaded https://repo.maven.apache.org/maven2/org/codehaus/plexus/plexus-classworlds/2.4.2/plexus-classworlds-2.4.2.jar
2020-12-01 21:09:15,895 [Worker-10: Update Maven projects configuration] INFO  o.e.m.c.i.e.AbstractTransferListenerAdapter - Downloading https://repo.maven.apache.org/maven2/org/apache/maven/maven-model/3.1.0/maven-model-3.1.0.jar
2020-12-01 21:09:15,899 [Worker-12: Download sources and javadoc] INFO  o.e.m.c.i.e.AbstractTransferListenerAdapter - Downloaded http://public.dhe.ibm.com/ibmdl/export/pub/software/websphere/wasdev/maven/repository/org/springframework/spring-test/5.3.1/spring-test-5.3.1-sources.jar
2020-12-01 21:09:16,026 [Worker-12: Download sources and javadoc] INFO  o.e.m.c.i.e.AbstractTransferListenerAdapter - Downloading https://repo.maven.apache.org/maven2/org/springframework/spring-test/5.3.1/spring-test-5.3.1-sources.jar
2020-12-01 21:09:16,248 [Worker-10: Update Maven projects configuration] INFO  o.e.m.c.i.e.AbstractTransferListenerAdapter - Downloaded https://repo.maven.apache.org/maven2/org/apache/maven/maven-model/3.1.0/maven-model-3.1.0.jar
2020-12-01 21:09:16,385 [Worker-10: Update Maven projects configuration] INFO  o.e.m.c.i.e.AbstractTransferListenerAdapter - Downloading https://repo.maven.apache.org/maven2/org/codehaus/plexus/plexus-component-annotations/2.0.0/plexus-component-annotations-2.0.0.jar
2020-12-01 21:09:16,509 [Worker-10: Update Maven projects configuration] INFO  o.e.m.c.i.e.AbstractTransferListenerAdapter - Downloaded https://repo.maven.apache.org/maven2/org/codehaus/plexus/plexus-component-annotations/2.0.0/plexus-component-annotations-2.0.0.jar
2020-12-01 21:09:16,632 [Worker-10: Update Maven projects configuration] INFO  o.e.m.c.i.e.AbstractTransferListenerAdapter - Downloading https://repo.maven.apache.org/maven2/org/codehaus/plexus/plexus-interpolation/1.26/plexus-interpolation-1.26.jar
2020-12-01 21:09:16,870 [Worker-10: Update Maven projects configuration] INFO  o.e.m.c.i.e.AbstractTransferListenerAdapter - Downloaded https://repo.maven.apache.org/maven2/org/codehaus/plexus/plexus-interpolation/1.26/plexus-interpolation-1.26.jar
2020-12-01 21:09:16,994 [Worker-10: Update Maven projects configuration] INFO  o.e.m.c.i.e.AbstractTransferListenerAdapter - Downloading https://repo.maven.apache.org/maven2/org/eclipse/sisu/org.eclipse.sisu.plexus/0.0.0.M2a/org.eclipse.sisu.plexus-0.0.0.M2a.jar
2020-12-01 21:09:17,145 [Worker-12: Download sources and javadoc] INFO  o.e.m.c.i.e.AbstractTransferListenerAdapter - Downloaded https://repo.maven.apache.org/maven2/org/springframework/spring-test/5.3.1/spring-test-5.3.1-sources.jar
2020-12-01 21:09:17,184 [Worker-12: Download sources and javadoc] INFO  o.e.m.j.internal.DownloadSourcesJob - Downloaded sources for org.springframework:spring-test:5.3.1
2020-12-01 21:09:17,445 [Worker-10: Update Maven projects configuration] INFO  o.e.m.c.i.e.AbstractTransferListenerAdapter - Downloaded https://repo.maven.apache.org/maven2/org/eclipse/sisu/org.eclipse.sisu.plexus/0.0.0.M2a/org.eclipse.sisu.plexus-0.0.0.M2a.jar
2020-12-01 21:09:17,568 [Worker-10: Update Maven projects configuration] INFO  o.e.m.c.i.e.AbstractTransferListenerAdapter - Downloading https://repo.maven.apache.org/maven2/com/google/guava/guava/10.0.1/guava-10.0.1.jar
2020-12-01 21:09:20,330 [Worker-10: Update Maven projects configuration] INFO  o.e.m.c.i.e.AbstractTransferListenerAdapter - Downloaded https://repo.maven.apache.org/maven2/com/google/guava/guava/10.0.1/guava-10.0.1.jar
2020-12-01 21:09:20,455 [Worker-10: Update Maven projects configuration] INFO  o.e.m.c.i.e.AbstractTransferListenerAdapter - Downloading https://repo.maven.apache.org/maven2/com/google/code/findbugs/jsr305/1.3.9/jsr305-1.3.9.jar
2020-12-01 21:09:20,615 [Worker-10: Update Maven projects configuration] INFO  o.e.m.c.i.e.AbstractTransferListenerAdapter - Downloaded https://repo.maven.apache.org/maven2/com/google/code/findbugs/jsr305/1.3.9/jsr305-1.3.9.jar
2020-12-01 21:09:20,744 [Worker-10: Update Maven projects configuration] INFO  o.e.m.c.i.e.AbstractTransferListenerAdapter - Downloading https://repo.maven.apache.org/maven2/org/sonatype/sisu/sisu-guice/3.1.0/sisu-guice-3.1.0-no_aop.jar
2020-12-01 21:09:21,440 [Worker-10: Update Maven projects configuration] INFO  o.e.m.c.i.e.AbstractTransferListenerAdapter - Downloaded https://repo.maven.apache.org/maven2/org/sonatype/sisu/sisu-guice/3.1.0/sisu-guice-3.1.0-no_aop.jar
2020-12-01 21:09:21,565 [Worker-10: Update Maven projects configuration] INFO  o.e.m.c.i.e.AbstractTransferListenerAdapter - Downloading https://repo.maven.apache.org/maven2/org/eclipse/sisu/org.eclipse.sisu.inject/0.0.0.M2a/org.eclipse.sisu.inject-0.0.0.M2a.jar
2020-12-01 21:09:22,024 [Worker-10: Update Maven projects configuration] INFO  o.e.m.c.i.e.AbstractTransferListenerAdapter - Downloaded https://repo.maven.apache.org/maven2/org/eclipse/sisu/org.eclipse.sisu.inject/0.0.0.M2a/org.eclipse.sisu.inject-0.0.0.M2a.jar
2020-12-01 21:09:22,149 [Worker-10: Update Maven projects configuration] INFO  o.e.m.c.i.e.AbstractTransferListenerAdapter - Downloading https://repo.maven.apache.org/maven2/asm/asm/3.3.1/asm-3.3.1.jar
2020-12-01 21:09:22,297 [Worker-10: Update Maven projects configuration] INFO  o.e.m.c.i.e.AbstractTransferListenerAdapter - Downloaded https://repo.maven.apache.org/maven2/asm/asm/3.3.1/asm-3.3.1.jar
2020-12-01 21:09:22,418 [Worker-10: Update Maven projects configuration] INFO  o.e.m.c.i.e.AbstractTransferListenerAdapter - Downloading https://repo.maven.apache.org/maven2/org/apache/maven/shared/maven-filtering/3.2.0/maven-filtering-3.2.0.jar
2020-12-01 21:09:22,565 [Worker-10: Update Maven projects configuration] INFO  o.e.m.c.i.e.AbstractTransferListenerAdapter - Downloaded https://repo.maven.apache.org/maven2/org/apache/maven/shared/maven-filtering/3.2.0/maven-filtering-3.2.0.jar
2020-12-01 21:09:22,688 [Worker-10: Update Maven projects configuration] INFO  o.e.m.c.i.e.AbstractTransferListenerAdapter - Downloading https://repo.maven.apache.org/maven2/org/apache/maven/shared/maven-shared-utils/3.3.3/maven-shared-utils-3.3.3.jar
2020-12-01 21:09:23,034 [Worker-10: Update Maven projects configuration] INFO  o.e.m.c.i.e.AbstractTransferListenerAdapter - Downloaded https://repo.maven.apache.org/maven2/org/apache/maven/shared/maven-shared-utils/3.3.3/maven-shared-utils-3.3.3.jar
2020-12-01 21:09:23,185 [Worker-10: Update Maven projects configuration] INFO  o.e.m.c.i.e.AbstractTransferListenerAdapter - Downloading https://repo.maven.apache.org/maven2/commons-io/commons-io/2.6/commons-io-2.6.jar
2020-12-01 21:09:23,943 [Worker-10: Update Maven projects configuration] INFO  o.e.m.c.i.e.AbstractTransferListenerAdapter - Downloaded https://repo.maven.apache.org/maven2/commons-io/commons-io/2.6/commons-io-2.6.jar
2020-12-01 21:09:24,066 [Worker-10: Update Maven projects configuration] INFO  o.e.m.c.i.e.AbstractTransferListenerAdapter - Downloading https://repo.maven.apache.org/maven2/org/apache/commons/commons-lang3/3.8.1/commons-lang3-3.8.1.jar
2020-12-01 21:09:24,980 [Worker-10: Update Maven projects configuration] INFO  o.e.m.c.i.e.AbstractTransferListenerAdapter - Downloaded https://repo.maven.apache.org/maven2/org/apache/commons/commons-lang3/3.8.1/commons-lang3-3.8.1.jar
2020-12-01 21:09:29,683 [Worker-11: Building workspace] INFO  o.e.m.c.i.embedder.EclipseLogger - Using 'UTF-8' encoding to copy filtered resources.
2020-12-01 21:09:29,684 [Worker-11: Building workspace] INFO  o.e.m.c.i.embedder.EclipseLogger - Using 'UTF-8' encoding to copy filtered properties files.
2020-12-01 21:09:29,714 [Worker-11: Building workspace] INFO  o.e.m.c.i.embedder.EclipseLogger - Copying 1 resource
2020-12-01 21:09:29,752 [Worker-11: Building workspace] INFO  o.e.m.c.i.embedder.EclipseLogger - Copying 0 resource
2020-12-01 21:09:29,752 [Worker-11: Building workspace] INFO  o.e.m.c.i.embedder.EclipseLogger - The encoding used to copy filtered properties files have not been set. This means that the same encoding will be used to copy filtered properties files as when copying other filtered resources. This might not be what you want! Run your build with --debug to see which files might be affected. Read more at https://maven.apache.org/plugins/maven-resources-plugin/examples/filtering-properties-files.html
2020-12-01 21:09:29,758 [Worker-11: Building workspace] INFO  o.e.m.c.i.embedder.EclipseLogger - Using 'UTF-8' encoding to copy filtered resources.
2020-12-01 21:09:29,758 [Worker-11: Building workspace] INFO  o.e.m.c.i.embedder.EclipseLogger - Using 'UTF-8' encoding to copy filtered properties files.
2020-12-01 21:09:29,758 [Worker-11: Building workspace] INFO  o.e.m.c.i.embedder.EclipseLogger - skip non existing resourceDirectory C:\web3270\backend\web3270-scripts\src\test\resources
2020-12-01 21:09:29,907 [Worker-10: Update Maven projects configuration] INFO  o.e.m.j.i.AbstractJavaProjectConfigurator - Adding source folder /web3270-scripts/src/main/java
2020-12-01 21:09:29,911 [Worker-10: Update Maven projects configuration] INFO  o.e.m.j.i.AbstractJavaProjectConfigurator - Adding resource folder /web3270-scripts/src/main/resources
2020-12-01 21:09:29,936 [Worker-10: Update Maven projects configuration] INFO  o.e.m.j.i.AbstractJavaProjectConfigurator - Adding resource folder /web3270-scripts/src/main/resources
2020-12-01 21:09:30,185 [Worker-10: Update Maven projects configuration] INFO  o.e.m.j.i.AbstractJavaProjectConfigurator - Adding source folder /web3270-scripts/src/test/java
2020-12-01 21:09:31,041 [Worker-2: Building workspace] INFO  o.e.m.c.i.embedder.EclipseLogger - Using 'UTF-8' encoding to copy filtered resources.
2020-12-01 21:09:31,041 [Worker-2: Building workspace] INFO  o.e.m.c.i.embedder.EclipseLogger - Using 'UTF-8' encoding to copy filtered properties files.
2020-12-01 21:09:31,050 [Worker-2: Building workspace] INFO  o.e.m.c.i.embedder.EclipseLogger - Copying 0 resource
2020-12-01 21:09:31,051 [Worker-2: Building workspace] INFO  o.e.m.c.i.embedder.EclipseLogger - Copying 0 resource
2020-12-01 21:09:31,055 [Worker-2: Building workspace] INFO  o.e.m.c.i.embedder.EclipseLogger - Using 'UTF-8' encoding to copy filtered resources.
2020-12-01 21:09:31,055 [Worker-2: Building workspace] INFO  o.e.m.c.i.embedder.EclipseLogger - Using 'UTF-8' encoding to copy filtered properties files.
2020-12-01 21:09:31,056 [Worker-2: Building workspace] INFO  o.e.m.c.i.embedder.EclipseLogger - skip non existing resourceDirectory C:\web3270\backend\web3270-scripts\src\test\resources
2020-12-01 21:09:39,791 [Worker-10: Update Maven projects configuration] INFO  o.e.m.c.i.p.ProjectConfigurationManager - Update completed: 165 sec
2020-12-01 21:09:39,951 [Worker-10: Building workspace] INFO  o.e.m.c.i.embedder.EclipseLogger - Using 'UTF-8' encoding to copy filtered resources.
2020-12-01 21:09:39,952 [Worker-10: Building workspace] INFO  o.e.m.c.i.embedder.EclipseLogger - Using 'UTF-8' encoding to copy filtered properties files.
2020-12-01 21:09:39,956 [Worker-10: Building workspace] INFO  o.e.m.c.i.embedder.EclipseLogger - Copying 1 resource
2020-12-01 21:09:39,959 [Worker-10: Building workspace] INFO  o.e.m.c.i.embedder.EclipseLogger - Copying 0 resource
2020-12-01 21:09:39,960 [Worker-10: Building workspace] INFO  o.e.m.c.i.embedder.EclipseLogger - The encoding used to copy filtered properties files have not been set. This means that the same encoding will be used to copy filtered properties files as when copying other filtered resources. This might not be what you want! Run your build with --debug to see which files might be affected. Read more at https://maven.apache.org/plugins/maven-resources-plugin/examples/filtering-properties-files.html
2020-12-01 21:09:39,963 [Worker-10: Building workspace] INFO  o.e.m.c.i.embedder.EclipseLogger - Using 'UTF-8' encoding to copy filtered resources.
2020-12-01 21:09:39,964 [Worker-10: Building workspace] INFO  o.e.m.c.i.embedder.EclipseLogger - Using 'UTF-8' encoding to copy filtered properties files.
2020-12-01 21:09:39,964 [Worker-10: Building workspace] INFO  o.e.m.c.i.embedder.EclipseLogger - skip non existing resourceDirectory C:\web3270\backend\web3270-scripts\src\test\resources
2020-12-01 21:15:18,796 [Worker-12: Building workspace] INFO  o.e.m.c.i.embedder.EclipseLogger - Using 'UTF-8' encoding to copy filtered resources.
2020-12-01 21:15:18,796 [Worker-12: Building workspace] INFO  o.e.m.c.i.embedder.EclipseLogger - Using 'UTF-8' encoding to copy filtered properties files.
2020-12-01 21:15:18,797 [Worker-12: Building workspace] INFO  o.e.m.c.i.embedder.EclipseLogger - Copying 1 resource
2020-12-01 21:15:18,842 [Worker-12: Building workspace] INFO  o.e.m.c.i.embedder.EclipseLogger - Copying 0 resource
2020-12-01 21:15:18,843 [Worker-12: Building workspace] INFO  o.e.m.c.i.embedder.EclipseLogger - The encoding used to copy filtered properties files have not been set. This means that the same encoding will be used to copy filtered properties files as when copying other filtered resources. This might not be what you want! Run your build with --debug to see which files might be affected. Read more at https://maven.apache.org/plugins/maven-resources-plugin/examples/filtering-properties-files.html
2020-12-01 21:15:18,851 [Worker-12: Building workspace] INFO  o.e.m.c.i.embedder.EclipseLogger - Using 'UTF-8' encoding to copy filtered resources.
2020-12-01 21:15:18,851 [Worker-12: Building workspace] INFO  o.e.m.c.i.embedder.EclipseLogger - Using 'UTF-8' encoding to copy filtered properties files.
2020-12-01 21:15:18,851 [Worker-12: Building workspace] INFO  o.e.m.c.i.embedder.EclipseLogger - skip non existing resourceDirectory C:\web3270\backend\web3270-scripts\src\test\resources
2020-12-01 21:15:24,919 [Worker-13: Resolving model org.eclipse.recommenders:index::zip:0.0.0] WARN  o.e.r.models.ModelRepository - Failed to download org.eclipse.recommenders:index::zip:0.0.0
org.eclipse.aether.resolution.ArtifactResolutionException: Could not find artifact org.eclipse.recommenders:index:zip:0.0.0-SNAPSHOT in models (http://download.eclipse.org/recommenders/models/photon/)
	at org.eclipse.aether.internal.impl.DefaultArtifactResolver.resolve(DefaultArtifactResolver.java:453) ~[na:na]
	at org.eclipse.aether.internal.impl.DefaultArtifactResolver.resolveArtifacts(DefaultArtifactResolver.java:255) ~[na:na]
	at org.eclipse.aether.internal.impl.DefaultArtifactResolver.resolveArtifact(DefaultArtifactResolver.java:232) ~[na:na]
	at org.eclipse.aether.internal.impl.DefaultRepositorySystem.resolveArtifact(DefaultRepositorySystem.java:303) ~[na:na]
	at org.eclipse.recommenders.models.ModelRepository.resolveInternal(ModelRepository.java:193) [org.eclipse.recommenders.models_2.5.4.v20180909-1132.jar:na]
	at org.eclipse.recommenders.models.ModelRepository.resolve(ModelRepository.java:172) [org.eclipse.recommenders.models_2.5.4.v20180909-1132.jar:na]
	at org.eclipse.recommenders.internal.models.rcp.EclipseModelRepository.resolve(EclipseModelRepository.java:168) [org.eclipse.recommenders.models.rcp_2.5.4.v20180909-1132.jar:na]
	at org.eclipse.recommenders.internal.models.rcp.DownloadModelArchiveJob.run(DownloadModelArchiveJob.java:76) [org.eclipse.recommenders.models.rcp_2.5.4.v20180909-1132.jar:na]
	at org.eclipse.core.internal.jobs.Worker.run(Worker.java:63) [org.eclipse.core.jobs_3.10.100.v20180817-1215.jar:na]
Caused by: org.eclipse.aether.transfer.ArtifactNotFoundException: Could not find artifact org.eclipse.recommenders:index:zip:0.0.0-SNAPSHOT in models (http://download.eclipse.org/recommenders/models/photon/)
	at org.eclipse.aether.connector.basic.ArtifactTransportListener.transferFailed(ArtifactTransportListener.java:48) ~[org.apache.maven.resolver.connector.basic_1.0.3.v20170405-0725.jar:1.0.3]
	at org.eclipse.aether.connector.basic.BasicRepositoryConnector$TaskRunner.run(BasicRepositoryConnector.java:364) ~[org.apache.maven.resolver.connector.basic_1.0.3.v20170405-0725.jar:1.0.3]
	at org.eclipse.aether.util.concurrency.RunnableErrorForwarder$1.run(RunnableErrorForwarder.java:76) ~[na:na]
	at org.eclipse.aether.connector.basic.BasicRepositoryConnector$DirectExecutor.execute(BasicRepositoryConnector.java:590) ~[org.apache.maven.resolver.connector.basic_1.0.3.v20170405-0725.jar:1.0.3]
	at org.eclipse.aether.connector.basic.BasicRepositoryConnector.get(BasicRepositoryConnector.java:258) ~[org.apache.maven.resolver.connector.basic_1.0.3.v20170405-0725.jar:1.0.3]
	at org.eclipse.aether.internal.impl.DefaultArtifactResolver.performDownloads(DefaultArtifactResolver.java:529) ~[na:na]
	at org.eclipse.aether.internal.impl.DefaultArtifactResolver.resolve(DefaultArtifactResolver.java:430) ~[na:na]
	... 8 common frames omitted
2020-12-01 21:15:29,590 [Worker-13: Building workspace] INFO  o.e.m.c.i.embedder.EclipseLogger - Using 'UTF-8' encoding to copy filtered resources.
2020-12-01 21:15:29,592 [Worker-13: Building workspace] INFO  o.e.m.c.i.embedder.EclipseLogger - Using 'UTF-8' encoding to copy filtered properties files.
2020-12-01 21:15:29,592 [Worker-13: Building workspace] INFO  o.e.m.c.i.embedder.EclipseLogger - Copying 1 resource
2020-12-01 21:15:29,602 [Worker-13: Building workspace] INFO  o.e.m.c.i.embedder.EclipseLogger - Copying 0 resource
2020-12-01 21:15:29,602 [Worker-13: Building workspace] INFO  o.e.m.c.i.embedder.EclipseLogger - The encoding used to copy filtered properties files have not been set. This means that the same encoding will be used to copy filtered properties files as when copying other filtered resources. This might not be what you want! Run your build with --debug to see which files might be affected. Read more at https://maven.apache.org/plugins/maven-resources-plugin/examples/filtering-properties-files.html
2020-12-01 21:15:29,604 [Worker-13: Building workspace] INFO  o.e.m.c.i.embedder.EclipseLogger - Using 'UTF-8' encoding to copy filtered resources.
2020-12-01 21:15:29,604 [Worker-13: Building workspace] INFO  o.e.m.c.i.embedder.EclipseLogger - Using 'UTF-8' encoding to copy filtered properties files.
2020-12-01 21:15:29,604 [Worker-13: Building workspace] INFO  o.e.m.c.i.embedder.EclipseLogger - skip non existing resourceDirectory C:\web3270\backend\web3270-scripts\src\test\resources
2020-12-01 21:17:39,944 [Worker-16: Building workspace] INFO  o.e.m.c.i.l.LifecycleMappingFactory - Using org.eclipse.m2e.jdt.JarLifecycleMapping lifecycle mapping for MavenProject: br.com.evandrorenan:web3270-scripts:0.0.1-SNAPSHOT @ C:\web3270\backend\web3270-scripts\pom.xml.
2020-12-01 21:17:40,476 [Worker-16: Building workspace] INFO  o.e.m.c.i.e.AbstractTransferListenerAdapter - Downloaded http://public.dhe.ibm.com/ibmdl/export/pub/software/websphere/wasdev/maven/repository/org/springframework/boot/spring-boot-starter-web/2.4.0/spring-boot-starter-web-2.4.0.pom
2020-12-01 21:17:41,003 [Worker-16: Building workspace] INFO  o.e.m.c.i.e.AbstractTransferListenerAdapter - Downloading https://repo.maven.apache.org/maven2/org/springframework/boot/spring-boot-starter-web/2.4.0/spring-boot-starter-web-2.4.0.pom
2020-12-01 21:17:41,184 [Worker-16: Building workspace] INFO  o.e.m.c.i.e.AbstractTransferListenerAdapter - Downloaded https://repo.maven.apache.org/maven2/org/springframework/boot/spring-boot-starter-web/2.4.0/spring-boot-starter-web-2.4.0.pom
2020-12-01 21:17:41,594 [Worker-16: Building workspace] INFO  o.e.m.c.i.e.AbstractTransferListenerAdapter - Downloaded http://public.dhe.ibm.com/ibmdl/export/pub/software/websphere/wasdev/maven/repository/org/springframework/boot/spring-boot-starter-json/2.4.0/spring-boot-starter-json-2.4.0.pom
2020-12-01 21:17:41,718 [Worker-16: Building workspace] INFO  o.e.m.c.i.e.AbstractTransferListenerAdapter - Downloading https://repo.maven.apache.org/maven2/org/springframework/boot/spring-boot-starter-json/2.4.0/spring-boot-starter-json-2.4.0.pom
2020-12-01 21:17:41,897 [Worker-16: Building workspace] INFO  o.e.m.c.i.e.AbstractTransferListenerAdapter - Downloaded https://repo.maven.apache.org/maven2/org/springframework/boot/spring-boot-starter-json/2.4.0/spring-boot-starter-json-2.4.0.pom
2020-12-01 21:17:42,250 [Worker-16: Building workspace] INFO  o.e.m.c.i.e.AbstractTransferListenerAdapter - Downloaded http://public.dhe.ibm.com/ibmdl/export/pub/software/websphere/wasdev/maven/repository/org/springframework/spring-web/5.3.1/spring-web-5.3.1.pom
2020-12-01 21:17:42,371 [Worker-16: Building workspace] INFO  o.e.m.c.i.e.AbstractTransferListenerAdapter - Downloading https://repo.maven.apache.org/maven2/org/springframework/spring-web/5.3.1/spring-web-5.3.1.pom
2020-12-01 21:17:42,494 [Worker-16: Building workspace] INFO  o.e.m.c.i.e.AbstractTransferListenerAdapter - Downloaded https://repo.maven.apache.org/maven2/org/springframework/spring-web/5.3.1/spring-web-5.3.1.pom
2020-12-01 21:17:42,845 [Worker-16: Building workspace] INFO  o.e.m.c.i.e.AbstractTransferListenerAdapter - Downloaded http://public.dhe.ibm.com/ibmdl/export/pub/software/websphere/wasdev/maven/repository/com/fasterxml/jackson/core/jackson-databind/2.11.3/jackson-databind-2.11.3.pom
2020-12-01 21:17:42,967 [Worker-16: Building workspace] INFO  o.e.m.c.i.e.AbstractTransferListenerAdapter - Downloading https://repo.maven.apache.org/maven2/com/fasterxml/jackson/core/jackson-databind/2.11.3/jackson-databind-2.11.3.pom
2020-12-01 21:17:43,100 [Worker-16: Building workspace] INFO  o.e.m.c.i.e.AbstractTransferListenerAdapter - Downloaded https://repo.maven.apache.org/maven2/com/fasterxml/jackson/core/jackson-databind/2.11.3/jackson-databind-2.11.3.pom
2020-12-01 21:17:43,449 [Worker-16: Building workspace] INFO  o.e.m.c.i.e.AbstractTransferListenerAdapter - Downloaded http://public.dhe.ibm.com/ibmdl/export/pub/software/websphere/wasdev/maven/repository/com/fasterxml/jackson/jackson-base/2.11.3/jackson-base-2.11.3.pom
2020-12-01 21:17:43,578 [Worker-16: Building workspace] INFO  o.e.m.c.i.e.AbstractTransferListenerAdapter - Downloading https://repo.maven.apache.org/maven2/com/fasterxml/jackson/jackson-base/2.11.3/jackson-base-2.11.3.pom
2020-12-01 21:17:43,758 [Worker-16: Building workspace] INFO  o.e.m.c.i.e.AbstractTransferListenerAdapter - Downloaded https://repo.maven.apache.org/maven2/com/fasterxml/jackson/jackson-base/2.11.3/jackson-base-2.11.3.pom
2020-12-01 21:17:44,116 [Worker-16: Building workspace] INFO  o.e.m.c.i.e.AbstractTransferListenerAdapter - Downloaded http://public.dhe.ibm.com/ibmdl/export/pub/software/websphere/wasdev/maven/repository/com/fasterxml/jackson/core/jackson-annotations/2.11.3/jackson-annotations-2.11.3.pom
2020-12-01 21:17:44,245 [Worker-16: Building workspace] INFO  o.e.m.c.i.e.AbstractTransferListenerAdapter - Downloading https://repo.maven.apache.org/maven2/com/fasterxml/jackson/core/jackson-annotations/2.11.3/jackson-annotations-2.11.3.pom
2020-12-01 21:17:44,431 [Worker-16: Building workspace] INFO  o.e.m.c.i.e.AbstractTransferListenerAdapter - Downloaded https://repo.maven.apache.org/maven2/com/fasterxml/jackson/core/jackson-annotations/2.11.3/jackson-annotations-2.11.3.pom
2020-12-01 21:17:44,782 [Worker-16: Building workspace] INFO  o.e.m.c.i.e.AbstractTransferListenerAdapter - Downloaded http://public.dhe.ibm.com/ibmdl/export/pub/software/websphere/wasdev/maven/repository/com/fasterxml/jackson/core/jackson-core/2.11.3/jackson-core-2.11.3.pom
2020-12-01 21:17:44,912 [Worker-16: Building workspace] INFO  o.e.m.c.i.e.AbstractTransferListenerAdapter - Downloading https://repo.maven.apache.org/maven2/com/fasterxml/jackson/core/jackson-core/2.11.3/jackson-core-2.11.3.pom
2020-12-01 21:17:45,034 [Worker-16: Building workspace] INFO  o.e.m.c.i.e.AbstractTransferListenerAdapter - Downloaded https://repo.maven.apache.org/maven2/com/fasterxml/jackson/core/jackson-core/2.11.3/jackson-core-2.11.3.pom
2020-12-01 21:17:45,548 [Worker-16: Building workspace] INFO  o.e.m.c.i.e.AbstractTransferListenerAdapter - Downloaded http://public.dhe.ibm.com/ibmdl/export/pub/software/websphere/wasdev/maven/repository/com/fasterxml/jackson/datatype/jackson-datatype-jdk8/2.11.3/jackson-datatype-jdk8-2.11.3.pom
2020-12-01 21:17:45,668 [Worker-16: Building workspace] INFO  o.e.m.c.i.e.AbstractTransferListenerAdapter - Downloading https://repo.maven.apache.org/maven2/com/fasterxml/jackson/datatype/jackson-datatype-jdk8/2.11.3/jackson-datatype-jdk8-2.11.3.pom
2020-12-01 21:17:45,792 [Worker-16: Building workspace] INFO  o.e.m.c.i.e.AbstractTransferListenerAdapter - Downloaded https://repo.maven.apache.org/maven2/com/fasterxml/jackson/datatype/jackson-datatype-jdk8/2.11.3/jackson-datatype-jdk8-2.11.3.pom
2020-12-01 21:17:46,151 [Worker-16: Building workspace] INFO  o.e.m.c.i.e.AbstractTransferListenerAdapter - Downloaded http://public.dhe.ibm.com/ibmdl/export/pub/software/websphere/wasdev/maven/repository/com/fasterxml/jackson/module/jackson-modules-java8/2.11.3/jackson-modules-java8-2.11.3.pom
2020-12-01 21:17:46,271 [Worker-16: Building workspace] INFO  o.e.m.c.i.e.AbstractTransferListenerAdapter - Downloading https://repo.maven.apache.org/maven2/com/fasterxml/jackson/module/jackson-modules-java8/2.11.3/jackson-modules-java8-2.11.3.pom
2020-12-01 21:17:46,451 [Worker-16: Building workspace] INFO  o.e.m.c.i.e.AbstractTransferListenerAdapter - Downloaded https://repo.maven.apache.org/maven2/com/fasterxml/jackson/module/jackson-modules-java8/2.11.3/jackson-modules-java8-2.11.3.pom
2020-12-01 21:17:46,801 [Worker-16: Building workspace] INFO  o.e.m.c.i.e.AbstractTransferListenerAdapter - Downloaded http://public.dhe.ibm.com/ibmdl/export/pub/software/websphere/wasdev/maven/repository/com/fasterxml/jackson/datatype/jackson-datatype-jsr310/2.11.3/jackson-datatype-jsr310-2.11.3.pom
2020-12-01 21:17:46,923 [Worker-16: Building workspace] INFO  o.e.m.c.i.e.AbstractTransferListenerAdapter - Downloading https://repo.maven.apache.org/maven2/com/fasterxml/jackson/datatype/jackson-datatype-jsr310/2.11.3/jackson-datatype-jsr310-2.11.3.pom
2020-12-01 21:17:47,051 [Worker-16: Building workspace] INFO  o.e.m.c.i.e.AbstractTransferListenerAdapter - Downloaded https://repo.maven.apache.org/maven2/com/fasterxml/jackson/datatype/jackson-datatype-jsr310/2.11.3/jackson-datatype-jsr310-2.11.3.pom
2020-12-01 21:17:47,404 [Worker-16: Building workspace] INFO  o.e.m.c.i.e.AbstractTransferListenerAdapter - Downloaded http://public.dhe.ibm.com/ibmdl/export/pub/software/websphere/wasdev/maven/repository/com/fasterxml/jackson/module/jackson-module-parameter-names/2.11.3/jackson-module-parameter-names-2.11.3.pom
2020-12-01 21:17:47,528 [Worker-16: Building workspace] INFO  o.e.m.c.i.e.AbstractTransferListenerAdapter - Downloading https://repo.maven.apache.org/maven2/com/fasterxml/jackson/module/jackson-module-parameter-names/2.11.3/jackson-module-parameter-names-2.11.3.pom
2020-12-01 21:17:47,709 [Worker-16: Building workspace] INFO  o.e.m.c.i.e.AbstractTransferListenerAdapter - Downloaded https://repo.maven.apache.org/maven2/com/fasterxml/jackson/module/jackson-module-parameter-names/2.11.3/jackson-module-parameter-names-2.11.3.pom
2020-12-01 21:17:48,076 [Worker-16: Building workspace] INFO  o.e.m.c.i.e.AbstractTransferListenerAdapter - Downloaded http://public.dhe.ibm.com/ibmdl/export/pub/software/websphere/wasdev/maven/repository/org/springframework/boot/spring-boot-starter-tomcat/2.4.0/spring-boot-starter-tomcat-2.4.0.pom
2020-12-01 21:17:48,197 [Worker-16: Building workspace] INFO  o.e.m.c.i.e.AbstractTransferListenerAdapter - Downloading https://repo.maven.apache.org/maven2/org/springframework/boot/spring-boot-starter-tomcat/2.4.0/spring-boot-starter-tomcat-2.4.0.pom
2020-12-01 21:17:48,318 [Worker-16: Building workspace] INFO  o.e.m.c.i.e.AbstractTransferListenerAdapter - Downloaded https://repo.maven.apache.org/maven2/org/springframework/boot/spring-boot-starter-tomcat/2.4.0/spring-boot-starter-tomcat-2.4.0.pom
2020-12-01 21:17:48,669 [Worker-16: Building workspace] INFO  o.e.m.c.i.e.AbstractTransferListenerAdapter - Downloaded http://public.dhe.ibm.com/ibmdl/export/pub/software/websphere/wasdev/maven/repository/org/apache/tomcat/embed/tomcat-embed-core/9.0.39/tomcat-embed-core-9.0.39.pom
2020-12-01 21:17:48,792 [Worker-16: Building workspace] INFO  o.e.m.c.i.e.AbstractTransferListenerAdapter - Downloading https://repo.maven.apache.org/maven2/org/apache/tomcat/embed/tomcat-embed-core/9.0.39/tomcat-embed-core-9.0.39.pom
2020-12-01 21:17:48,914 [Worker-16: Building workspace] INFO  o.e.m.c.i.e.AbstractTransferListenerAdapter - Downloaded https://repo.maven.apache.org/maven2/org/apache/tomcat/embed/tomcat-embed-core/9.0.39/tomcat-embed-core-9.0.39.pom
2020-12-01 21:17:49,261 [Worker-16: Building workspace] INFO  o.e.m.c.i.e.AbstractTransferListenerAdapter - Downloaded http://public.dhe.ibm.com/ibmdl/export/pub/software/websphere/wasdev/maven/repository/org/apache/tomcat/embed/tomcat-embed-websocket/9.0.39/tomcat-embed-websocket-9.0.39.pom
2020-12-01 21:17:49,390 [Worker-16: Building workspace] INFO  o.e.m.c.i.e.AbstractTransferListenerAdapter - Downloading https://repo.maven.apache.org/maven2/org/apache/tomcat/embed/tomcat-embed-websocket/9.0.39/tomcat-embed-websocket-9.0.39.pom
2020-12-01 21:17:49,511 [Worker-16: Building workspace] INFO  o.e.m.c.i.e.AbstractTransferListenerAdapter - Downloaded https://repo.maven.apache.org/maven2/org/apache/tomcat/embed/tomcat-embed-websocket/9.0.39/tomcat-embed-websocket-9.0.39.pom
2020-12-01 21:17:49,863 [Worker-16: Building workspace] INFO  o.e.m.c.i.e.AbstractTransferListenerAdapter - Downloaded http://public.dhe.ibm.com/ibmdl/export/pub/software/websphere/wasdev/maven/repository/org/springframework/spring-webmvc/5.3.1/spring-webmvc-5.3.1.pom
2020-12-01 21:17:49,985 [Worker-16: Building workspace] INFO  o.e.m.c.i.e.AbstractTransferListenerAdapter - Downloading https://repo.maven.apache.org/maven2/org/springframework/spring-webmvc/5.3.1/spring-webmvc-5.3.1.pom
2020-12-01 21:17:50,106 [Worker-16: Building workspace] INFO  o.e.m.c.i.e.AbstractTransferListenerAdapter - Downloaded https://repo.maven.apache.org/maven2/org/springframework/spring-webmvc/5.3.1/spring-webmvc-5.3.1.pom
2020-12-01 21:17:50,606 [Worker-16: Building workspace] INFO  o.e.m.c.i.e.AbstractTransferListenerAdapter - Downloaded http://public.dhe.ibm.com/ibmdl/export/pub/software/websphere/wasdev/maven/repository/org/springframework/boot/spring-boot-starter-web/2.4.0/spring-boot-starter-web-2.4.0.jar
2020-12-01 21:17:50,951 [Worker-16: Building workspace] INFO  o.e.m.c.i.e.AbstractTransferListenerAdapter - Downloaded http://public.dhe.ibm.com/ibmdl/export/pub/software/websphere/wasdev/maven/repository/org/springframework/boot/spring-boot-starter-json/2.4.0/spring-boot-starter-json-2.4.0.jar
2020-12-01 21:17:51,296 [Worker-16: Building workspace] INFO  o.e.m.c.i.e.AbstractTransferListenerAdapter - Downloaded http://public.dhe.ibm.com/ibmdl/export/pub/software/websphere/wasdev/maven/repository/com/fasterxml/jackson/core/jackson-databind/2.11.3/jackson-databind-2.11.3.jar
2020-12-01 21:17:51,638 [Worker-16: Building workspace] INFO  o.e.m.c.i.e.AbstractTransferListenerAdapter - Downloaded http://public.dhe.ibm.com/ibmdl/export/pub/software/websphere/wasdev/maven/repository/com/fasterxml/jackson/core/jackson-annotations/2.11.3/jackson-annotations-2.11.3.jar
2020-12-01 21:17:51,984 [Worker-16: Building workspace] INFO  o.e.m.c.i.e.AbstractTransferListenerAdapter - Downloaded http://public.dhe.ibm.com/ibmdl/export/pub/software/websphere/wasdev/maven/repository/com/fasterxml/jackson/core/jackson-core/2.11.3/jackson-core-2.11.3.jar
2020-12-01 21:17:52,329 [Worker-16: Building workspace] INFO  o.e.m.c.i.e.AbstractTransferListenerAdapter - Downloaded http://public.dhe.ibm.com/ibmdl/export/pub/software/websphere/wasdev/maven/repository/com/fasterxml/jackson/datatype/jackson-datatype-jdk8/2.11.3/jackson-datatype-jdk8-2.11.3.jar
2020-12-01 21:17:52,673 [Worker-16: Building workspace] INFO  o.e.m.c.i.e.AbstractTransferListenerAdapter - Downloaded http://public.dhe.ibm.com/ibmdl/export/pub/software/websphere/wasdev/maven/repository/com/fasterxml/jackson/datatype/jackson-datatype-jsr310/2.11.3/jackson-datatype-jsr310-2.11.3.jar
2020-12-01 21:17:53,017 [Worker-16: Building workspace] INFO  o.e.m.c.i.e.AbstractTransferListenerAdapter - Downloaded http://public.dhe.ibm.com/ibmdl/export/pub/software/websphere/wasdev/maven/repository/com/fasterxml/jackson/module/jackson-module-parameter-names/2.11.3/jackson-module-parameter-names-2.11.3.jar
2020-12-01 21:17:53,361 [Worker-16: Building workspace] INFO  o.e.m.c.i.e.AbstractTransferListenerAdapter - Downloaded http://public.dhe.ibm.com/ibmdl/export/pub/software/websphere/wasdev/maven/repository/org/springframework/boot/spring-boot-starter-tomcat/2.4.0/spring-boot-starter-tomcat-2.4.0.jar
2020-12-01 21:17:53,706 [Worker-16: Building workspace] INFO  o.e.m.c.i.e.AbstractTransferListenerAdapter - Downloaded http://public.dhe.ibm.com/ibmdl/export/pub/software/websphere/wasdev/maven/repository/org/apache/tomcat/embed/tomcat-embed-core/9.0.39/tomcat-embed-core-9.0.39.jar
2020-12-01 21:17:54,056 [Worker-16: Building workspace] INFO  o.e.m.c.i.e.AbstractTransferListenerAdapter - Downloaded http://public.dhe.ibm.com/ibmdl/export/pub/software/websphere/wasdev/maven/repository/org/apache/tomcat/embed/tomcat-embed-websocket/9.0.39/tomcat-embed-websocket-9.0.39.jar
2020-12-01 21:17:54,404 [Worker-16: Building workspace] INFO  o.e.m.c.i.e.AbstractTransferListenerAdapter - Downloaded http://public.dhe.ibm.com/ibmdl/export/pub/software/websphere/wasdev/maven/repository/org/springframework/spring-web/5.3.1/spring-web-5.3.1.jar
2020-12-01 21:17:54,750 [Worker-16: Building workspace] INFO  o.e.m.c.i.e.AbstractTransferListenerAdapter - Downloaded http://public.dhe.ibm.com/ibmdl/export/pub/software/websphere/wasdev/maven/repository/org/springframework/spring-webmvc/5.3.1/spring-webmvc-5.3.1.jar
2020-12-01 21:17:54,886 [Worker-16: Building workspace] INFO  o.e.m.c.i.e.AbstractTransferListenerAdapter - Downloading https://repo.maven.apache.org/maven2/org/springframework/boot/spring-boot-starter-web/2.4.0/spring-boot-starter-web-2.4.0.jar
2020-12-01 21:17:55,010 [Worker-16: Building workspace] INFO  o.e.m.c.i.e.AbstractTransferListenerAdapter - Downloaded https://repo.maven.apache.org/maven2/org/springframework/boot/spring-boot-starter-web/2.4.0/spring-boot-starter-web-2.4.0.jar
2020-12-01 21:17:55,130 [Worker-16: Building workspace] INFO  o.e.m.c.i.e.AbstractTransferListenerAdapter - Downloading https://repo.maven.apache.org/maven2/org/springframework/boot/spring-boot-starter-json/2.4.0/spring-boot-starter-json-2.4.0.jar
2020-12-01 21:17:55,253 [Worker-16: Building workspace] INFO  o.e.m.c.i.e.AbstractTransferListenerAdapter - Downloaded https://repo.maven.apache.org/maven2/org/springframework/boot/spring-boot-starter-json/2.4.0/spring-boot-starter-json-2.4.0.jar
2020-12-01 21:17:55,376 [Worker-16: Building workspace] INFO  o.e.m.c.i.e.AbstractTransferListenerAdapter - Downloading https://repo.maven.apache.org/maven2/com/fasterxml/jackson/core/jackson-databind/2.11.3/jackson-databind-2.11.3.jar
2020-12-01 21:17:57,866 [Worker-16: Building workspace] INFO  o.e.m.c.i.e.AbstractTransferListenerAdapter - Downloaded https://repo.maven.apache.org/maven2/com/fasterxml/jackson/core/jackson-databind/2.11.3/jackson-databind-2.11.3.jar
2020-12-01 21:17:57,987 [Worker-16: Building workspace] INFO  o.e.m.c.i.e.AbstractTransferListenerAdapter - Downloading https://repo.maven.apache.org/maven2/com/fasterxml/jackson/core/jackson-annotations/2.11.3/jackson-annotations-2.11.3.jar
2020-12-01 21:17:58,219 [Worker-16: Building workspace] INFO  o.e.m.c.i.e.AbstractTransferListenerAdapter - Downloaded https://repo.maven.apache.org/maven2/com/fasterxml/jackson/core/jackson-annotations/2.11.3/jackson-annotations-2.11.3.jar
2020-12-01 21:17:58,341 [Worker-16: Building workspace] INFO  o.e.m.c.i.e.AbstractTransferListenerAdapter - Downloading https://repo.maven.apache.org/maven2/com/fasterxml/jackson/core/jackson-core/2.11.3/jackson-core-2.11.3.jar
2020-12-01 21:17:59,002 [Worker-16: Building workspace] INFO  o.e.m.c.i.e.AbstractTransferListenerAdapter - Downloaded https://repo.maven.apache.org/maven2/com/fasterxml/jackson/core/jackson-core/2.11.3/jackson-core-2.11.3.jar
2020-12-01 21:17:59,121 [Worker-16: Building workspace] INFO  o.e.m.c.i.e.AbstractTransferListenerAdapter - Downloading https://repo.maven.apache.org/maven2/com/fasterxml/jackson/datatype/jackson-datatype-jdk8/2.11.3/jackson-datatype-jdk8-2.11.3.jar
2020-12-01 21:17:59,256 [Worker-16: Building workspace] INFO  o.e.m.c.i.e.AbstractTransferListenerAdapter - Downloaded https://repo.maven.apache.org/maven2/com/fasterxml/jackson/datatype/jackson-datatype-jdk8/2.11.3/jackson-datatype-jdk8-2.11.3.jar
2020-12-01 21:17:59,377 [Worker-16: Building workspace] INFO  o.e.m.c.i.e.AbstractTransferListenerAdapter - Downloading https://repo.maven.apache.org/maven2/com/fasterxml/jackson/datatype/jackson-datatype-jsr310/2.11.3/jackson-datatype-jsr310-2.11.3.jar
2020-12-01 21:17:59,624 [Worker-16: Building workspace] INFO  o.e.m.c.i.e.AbstractTransferListenerAdapter - Downloaded https://repo.maven.apache.org/maven2/com/fasterxml/jackson/datatype/jackson-datatype-jsr310/2.11.3/jackson-datatype-jsr310-2.11.3.jar
2020-12-01 21:17:59,743 [Worker-16: Building workspace] INFO  o.e.m.c.i.e.AbstractTransferListenerAdapter - Downloading https://repo.maven.apache.org/maven2/com/fasterxml/jackson/module/jackson-module-parameter-names/2.11.3/jackson-module-parameter-names-2.11.3.jar
2020-12-01 21:17:59,867 [Worker-16: Building workspace] INFO  o.e.m.c.i.e.AbstractTransferListenerAdapter - Downloaded https://repo.maven.apache.org/maven2/com/fasterxml/jackson/module/jackson-module-parameter-names/2.11.3/jackson-module-parameter-names-2.11.3.jar
2020-12-01 21:17:59,986 [Worker-16: Building workspace] INFO  o.e.m.c.i.e.AbstractTransferListenerAdapter - Downloading https://repo.maven.apache.org/maven2/org/springframework/boot/spring-boot-starter-tomcat/2.4.0/spring-boot-starter-tomcat-2.4.0.jar
2020-12-01 21:18:00,106 [Worker-16: Building workspace] INFO  o.e.m.c.i.e.AbstractTransferListenerAdapter - Downloaded https://repo.maven.apache.org/maven2/org/springframework/boot/spring-boot-starter-tomcat/2.4.0/spring-boot-starter-tomcat-2.4.0.jar
2020-12-01 21:18:00,236 [Worker-16: Building workspace] INFO  o.e.m.c.i.e.AbstractTransferListenerAdapter - Downloading https://repo.maven.apache.org/maven2/org/apache/tomcat/embed/tomcat-embed-core/9.0.39/tomcat-embed-core-9.0.39.jar
2020-12-01 21:18:05,969 [Worker-16: Building workspace] INFO  o.e.m.c.i.e.AbstractTransferListenerAdapter - Downloaded https://repo.maven.apache.org/maven2/org/apache/tomcat/embed/tomcat-embed-core/9.0.39/tomcat-embed-core-9.0.39.jar
2020-12-01 21:18:06,093 [Worker-16: Building workspace] INFO  o.e.m.c.i.e.AbstractTransferListenerAdapter - Downloading https://repo.maven.apache.org/maven2/org/apache/tomcat/embed/tomcat-embed-websocket/9.0.39/tomcat-embed-websocket-9.0.39.jar
2020-12-01 21:18:06,960 [Worker-16: Building workspace] INFO  o.e.m.c.i.e.AbstractTransferListenerAdapter - Downloaded https://repo.maven.apache.org/maven2/org/apache/tomcat/embed/tomcat-embed-websocket/9.0.39/tomcat-embed-websocket-9.0.39.jar
2020-12-01 21:18:07,080 [Worker-16: Building workspace] INFO  o.e.m.c.i.e.AbstractTransferListenerAdapter - Downloading https://repo.maven.apache.org/maven2/org/springframework/spring-web/5.3.1/spring-web-5.3.1.jar
2020-12-01 21:18:09,750 [Worker-16: Building workspace] INFO  o.e.m.c.i.e.AbstractTransferListenerAdapter - Downloaded https://repo.maven.apache.org/maven2/org/springframework/spring-web/5.3.1/spring-web-5.3.1.jar
2020-12-01 21:18:09,872 [Worker-16: Building workspace] INFO  o.e.m.c.i.e.AbstractTransferListenerAdapter - Downloading https://repo.maven.apache.org/maven2/org/springframework/spring-webmvc/5.3.1/spring-webmvc-5.3.1.jar
2020-12-01 21:18:11,592 [Worker-16: Building workspace] INFO  o.e.m.c.i.e.AbstractTransferListenerAdapter - Downloaded https://repo.maven.apache.org/maven2/org/springframework/spring-webmvc/5.3.1/spring-webmvc-5.3.1.jar
2020-12-01 21:18:13,121 [Worker-16: Building workspace] INFO  o.e.m.c.i.embedder.EclipseLogger - Using 'UTF-8' encoding to copy filtered resources.
2020-12-01 21:18:13,122 [Worker-16: Building workspace] INFO  o.e.m.c.i.embedder.EclipseLogger - Using 'UTF-8' encoding to copy filtered properties files.
2020-12-01 21:18:13,126 [Worker-16: Building workspace] INFO  o.e.m.c.i.embedder.EclipseLogger - Copying 0 resource
2020-12-01 21:18:13,126 [Worker-16: Building workspace] INFO  o.e.m.c.i.embedder.EclipseLogger - Copying 0 resource
2020-12-01 21:18:13,129 [Worker-16: Building workspace] INFO  o.e.m.c.i.embedder.EclipseLogger - Using 'UTF-8' encoding to copy filtered resources.
2020-12-01 21:18:13,129 [Worker-16: Building workspace] INFO  o.e.m.c.i.embedder.EclipseLogger - Using 'UTF-8' encoding to copy filtered properties files.
2020-12-01 21:18:13,129 [Worker-16: Building workspace] INFO  o.e.m.c.i.embedder.EclipseLogger - skip non existing resourceDirectory C:\web3270\backend\web3270-scripts\src\test\resources
2020-12-01 21:18:14,431 [Worker-12: Building workspace] INFO  o.e.m.c.i.embedder.EclipseLogger - Using 'UTF-8' encoding to copy filtered resources.
2020-12-01 21:18:14,431 [Worker-12: Building workspace] INFO  o.e.m.c.i.embedder.EclipseLogger - Using 'UTF-8' encoding to copy filtered properties files.
2020-12-01 21:18:14,432 [Worker-12: Building workspace] INFO  o.e.m.c.i.embedder.EclipseLogger - Copying 1 resource
2020-12-01 21:18:14,469 [Worker-12: Building workspace] INFO  o.e.m.c.i.embedder.EclipseLogger - Copying 0 resource
2020-12-01 21:18:14,469 [Worker-12: Building workspace] INFO  o.e.m.c.i.embedder.EclipseLogger - The encoding used to copy filtered properties files have not been set. This means that the same encoding will be used to copy filtered properties files as when copying other filtered resources. This might not be what you want! Run your build with --debug to see which files might be affected. Read more at https://maven.apache.org/plugins/maven-resources-plugin/examples/filtering-properties-files.html
2020-12-01 21:18:14,471 [Worker-12: Building workspace] INFO  o.e.m.c.i.embedder.EclipseLogger - Using 'UTF-8' encoding to copy filtered resources.
2020-12-01 21:18:14,471 [Worker-12: Building workspace] INFO  o.e.m.c.i.embedder.EclipseLogger - Using 'UTF-8' encoding to copy filtered properties files.
2020-12-01 21:18:14,471 [Worker-12: Building workspace] INFO  o.e.m.c.i.embedder.EclipseLogger - skip non existing resourceDirectory C:\web3270\backend\web3270-scripts\src\test\resources
2020-12-01 21:18:14,688 [Worker-16: Download sources and javadoc] INFO  o.e.m.c.i.e.AbstractTransferListenerAdapter - Downloaded http://public.dhe.ibm.com/ibmdl/export/pub/software/websphere/wasdev/maven/repository/org/springframework/boot/spring-boot-starter-web/2.4.0/spring-boot-starter-web-2.4.0-sources.jar
2020-12-01 21:18:15,074 [Worker-16: Download sources and javadoc] INFO  o.e.m.c.i.e.AbstractTransferListenerAdapter - Downloading https://repo.maven.apache.org/maven2/org/springframework/boot/spring-boot-starter-web/2.4.0/spring-boot-starter-web-2.4.0-sources.jar
2020-12-01 21:18:15,196 [Worker-16: Download sources and javadoc] INFO  o.e.m.c.i.e.AbstractTransferListenerAdapter - Downloaded https://repo.maven.apache.org/maven2/org/springframework/boot/spring-boot-starter-web/2.4.0/spring-boot-starter-web-2.4.0-sources.jar
2020-12-01 21:18:15,227 [Worker-16: Download sources and javadoc] INFO  o.e.m.j.internal.DownloadSourcesJob - Downloaded sources for org.springframework.boot:spring-boot-starter-web:2.4.0
2020-12-01 21:18:15,574 [Worker-16: Download sources and javadoc] INFO  o.e.m.c.i.e.AbstractTransferListenerAdapter - Downloaded http://public.dhe.ibm.com/ibmdl/export/pub/software/websphere/wasdev/maven/repository/org/springframework/boot/spring-boot-starter-json/2.4.0/spring-boot-starter-json-2.4.0-sources.jar
2020-12-01 21:18:15,694 [Worker-16: Download sources and javadoc] INFO  o.e.m.c.i.e.AbstractTransferListenerAdapter - Downloading https://repo.maven.apache.org/maven2/org/springframework/boot/spring-boot-starter-json/2.4.0/spring-boot-starter-json-2.4.0-sources.jar
2020-12-01 21:18:15,830 [Worker-16: Download sources and javadoc] INFO  o.e.m.c.i.e.AbstractTransferListenerAdapter - Downloaded https://repo.maven.apache.org/maven2/org/springframework/boot/spring-boot-starter-json/2.4.0/spring-boot-starter-json-2.4.0-sources.jar
2020-12-01 21:18:15,859 [Worker-16: Download sources and javadoc] INFO  o.e.m.j.internal.DownloadSourcesJob - Downloaded sources for org.springframework.boot:spring-boot-starter-json:2.4.0
2020-12-01 21:18:16,206 [Worker-16: Download sources and javadoc] INFO  o.e.m.c.i.e.AbstractTransferListenerAdapter - Downloaded http://public.dhe.ibm.com/ibmdl/export/pub/software/websphere/wasdev/maven/repository/com/fasterxml/jackson/core/jackson-databind/2.11.3/jackson-databind-2.11.3-sources.jar
2020-12-01 21:18:16,334 [Worker-16: Download sources and javadoc] INFO  o.e.m.c.i.e.AbstractTransferListenerAdapter - Downloading https://repo.maven.apache.org/maven2/com/fasterxml/jackson/core/jackson-databind/2.11.3/jackson-databind-2.11.3-sources.jar
2020-12-01 21:18:18,261 [Worker-16: Download sources and javadoc] INFO  o.e.m.c.i.e.AbstractTransferListenerAdapter - Downloaded https://repo.maven.apache.org/maven2/com/fasterxml/jackson/core/jackson-databind/2.11.3/jackson-databind-2.11.3-sources.jar
2020-12-01 21:18:18,297 [Worker-16: Download sources and javadoc] INFO  o.e.m.j.internal.DownloadSourcesJob - Downloaded sources for com.fasterxml.jackson.core:jackson-databind:2.11.3
2020-12-01 21:18:18,660 [Worker-16: Download sources and javadoc] INFO  o.e.m.c.i.e.AbstractTransferListenerAdapter - Downloaded http://public.dhe.ibm.com/ibmdl/export/pub/software/websphere/wasdev/maven/repository/com/fasterxml/jackson/core/jackson-annotations/2.11.3/jackson-annotations-2.11.3-sources.jar
2020-12-01 21:18:18,803 [Worker-16: Download sources and javadoc] INFO  o.e.m.c.i.e.AbstractTransferListenerAdapter - Downloading https://repo.maven.apache.org/maven2/com/fasterxml/jackson/core/jackson-annotations/2.11.3/jackson-annotations-2.11.3-sources.jar
2020-12-01 21:18:19,302 [Worker-16: Download sources and javadoc] INFO  o.e.m.c.i.e.AbstractTransferListenerAdapter - Downloaded https://repo.maven.apache.org/maven2/com/fasterxml/jackson/core/jackson-annotations/2.11.3/jackson-annotations-2.11.3-sources.jar
2020-12-01 21:18:19,333 [Worker-16: Download sources and javadoc] INFO  o.e.m.j.internal.DownloadSourcesJob - Downloaded sources for com.fasterxml.jackson.core:jackson-annotations:2.11.3
2020-12-01 21:18:19,683 [Worker-16: Download sources and javadoc] INFO  o.e.m.c.i.e.AbstractTransferListenerAdapter - Downloaded http://public.dhe.ibm.com/ibmdl/export/pub/software/websphere/wasdev/maven/repository/com/fasterxml/jackson/core/jackson-core/2.11.3/jackson-core-2.11.3-sources.jar
2020-12-01 21:18:19,806 [Worker-16: Download sources and javadoc] INFO  o.e.m.c.i.e.AbstractTransferListenerAdapter - Downloading https://repo.maven.apache.org/maven2/com/fasterxml/jackson/core/jackson-core/2.11.3/jackson-core-2.11.3-sources.jar
2020-12-01 21:18:20,555 [Worker-16: Download sources and javadoc] INFO  o.e.m.c.i.e.AbstractTransferListenerAdapter - Downloaded https://repo.maven.apache.org/maven2/com/fasterxml/jackson/core/jackson-core/2.11.3/jackson-core-2.11.3-sources.jar
2020-12-01 21:18:20,600 [Worker-16: Download sources and javadoc] INFO  o.e.m.j.internal.DownloadSourcesJob - Downloaded sources for com.fasterxml.jackson.core:jackson-core:2.11.3
2020-12-01 21:18:20,996 [Worker-16: Download sources and javadoc] INFO  o.e.m.c.i.e.AbstractTransferListenerAdapter - Downloaded http://public.dhe.ibm.com/ibmdl/export/pub/software/websphere/wasdev/maven/repository/com/fasterxml/jackson/datatype/jackson-datatype-jdk8/2.11.3/jackson-datatype-jdk8-2.11.3-sources.jar
2020-12-01 21:18:21,151 [Worker-16: Download sources and javadoc] INFO  o.e.m.c.i.e.AbstractTransferListenerAdapter - Downloading https://repo.maven.apache.org/maven2/com/fasterxml/jackson/datatype/jackson-datatype-jdk8/2.11.3/jackson-datatype-jdk8-2.11.3-sources.jar
2020-12-01 21:18:21,305 [Worker-16: Download sources and javadoc] INFO  o.e.m.c.i.e.AbstractTransferListenerAdapter - Downloaded https://repo.maven.apache.org/maven2/com/fasterxml/jackson/datatype/jackson-datatype-jdk8/2.11.3/jackson-datatype-jdk8-2.11.3-sources.jar
2020-12-01 21:18:21,337 [Worker-16: Download sources and javadoc] INFO  o.e.m.j.internal.DownloadSourcesJob - Downloaded sources for com.fasterxml.jackson.datatype:jackson-datatype-jdk8:2.11.3
2020-12-01 21:18:21,704 [Worker-16: Download sources and javadoc] INFO  o.e.m.c.i.e.AbstractTransferListenerAdapter - Downloaded http://public.dhe.ibm.com/ibmdl/export/pub/software/websphere/wasdev/maven/repository/com/fasterxml/jackson/datatype/jackson-datatype-jsr310/2.11.3/jackson-datatype-jsr310-2.11.3-sources.jar
2020-12-01 21:18:21,838 [Worker-16: Download sources and javadoc] INFO  o.e.m.c.i.e.AbstractTransferListenerAdapter - Downloading https://repo.maven.apache.org/maven2/com/fasterxml/jackson/datatype/jackson-datatype-jsr310/2.11.3/jackson-datatype-jsr310-2.11.3-sources.jar
2020-12-01 21:18:22,083 [Worker-16: Download sources and javadoc] INFO  o.e.m.c.i.e.AbstractTransferListenerAdapter - Downloaded https://repo.maven.apache.org/maven2/com/fasterxml/jackson/datatype/jackson-datatype-jsr310/2.11.3/jackson-datatype-jsr310-2.11.3-sources.jar
2020-12-01 21:18:22,132 [Worker-16: Download sources and javadoc] INFO  o.e.m.j.internal.DownloadSourcesJob - Downloaded sources for com.fasterxml.jackson.datatype:jackson-datatype-jsr310:2.11.3
2020-12-01 21:18:22,499 [Worker-16: Download sources and javadoc] INFO  o.e.m.c.i.e.AbstractTransferListenerAdapter - Downloaded http://public.dhe.ibm.com/ibmdl/export/pub/software/websphere/wasdev/maven/repository/com/fasterxml/jackson/module/jackson-module-parameter-names/2.11.3/jackson-module-parameter-names-2.11.3-sources.jar
2020-12-01 21:18:22,628 [Worker-16: Download sources and javadoc] INFO  o.e.m.c.i.e.AbstractTransferListenerAdapter - Downloading https://repo.maven.apache.org/maven2/com/fasterxml/jackson/module/jackson-module-parameter-names/2.11.3/jackson-module-parameter-names-2.11.3-sources.jar
2020-12-01 21:18:22,762 [Worker-16: Download sources and javadoc] INFO  o.e.m.c.i.e.AbstractTransferListenerAdapter - Downloaded https://repo.maven.apache.org/maven2/com/fasterxml/jackson/module/jackson-module-parameter-names/2.11.3/jackson-module-parameter-names-2.11.3-sources.jar
2020-12-01 21:18:22,833 [Worker-16: Download sources and javadoc] INFO  o.e.m.j.internal.DownloadSourcesJob - Downloaded sources for com.fasterxml.jackson.module:jackson-module-parameter-names:2.11.3
2020-12-01 21:18:23,182 [Worker-16: Download sources and javadoc] INFO  o.e.m.c.i.e.AbstractTransferListenerAdapter - Downloaded http://public.dhe.ibm.com/ibmdl/export/pub/software/websphere/wasdev/maven/repository/org/springframework/boot/spring-boot-starter-tomcat/2.4.0/spring-boot-starter-tomcat-2.4.0-sources.jar
2020-12-01 21:18:23,306 [Worker-16: Download sources and javadoc] INFO  o.e.m.c.i.e.AbstractTransferListenerAdapter - Downloading https://repo.maven.apache.org/maven2/org/springframework/boot/spring-boot-starter-tomcat/2.4.0/spring-boot-starter-tomcat-2.4.0-sources.jar
2020-12-01 21:18:23,430 [Worker-16: Download sources and javadoc] INFO  o.e.m.c.i.e.AbstractTransferListenerAdapter - Downloaded https://repo.maven.apache.org/maven2/org/springframework/boot/spring-boot-starter-tomcat/2.4.0/spring-boot-starter-tomcat-2.4.0-sources.jar
2020-12-01 21:18:23,457 [Worker-16: Download sources and javadoc] INFO  o.e.m.j.internal.DownloadSourcesJob - Downloaded sources for org.springframework.boot:spring-boot-starter-tomcat:2.4.0
2020-12-01 21:18:23,812 [Worker-16: Download sources and javadoc] INFO  o.e.m.c.i.e.AbstractTransferListenerAdapter - Downloaded http://public.dhe.ibm.com/ibmdl/export/pub/software/websphere/wasdev/maven/repository/org/apache/tomcat/embed/tomcat-embed-core/9.0.39/tomcat-embed-core-9.0.39-sources.jar
2020-12-01 21:18:23,945 [Worker-16: Download sources and javadoc] INFO  o.e.m.c.i.e.AbstractTransferListenerAdapter - Downloading https://repo.maven.apache.org/maven2/org/apache/tomcat/embed/tomcat-embed-core/9.0.39/tomcat-embed-core-9.0.39-sources.jar
2020-12-01 21:18:29,841 [Worker-16: Download sources and javadoc] INFO  o.e.m.c.i.e.AbstractTransferListenerAdapter - Downloaded https://repo.maven.apache.org/maven2/org/apache/tomcat/embed/tomcat-embed-core/9.0.39/tomcat-embed-core-9.0.39-sources.jar
2020-12-01 21:18:29,866 [Worker-16: Download sources and javadoc] INFO  o.e.m.j.internal.DownloadSourcesJob - Downloaded sources for org.apache.tomcat.embed:tomcat-embed-core:9.0.39
2020-12-01 21:18:30,226 [Worker-16: Download sources and javadoc] INFO  o.e.m.c.i.e.AbstractTransferListenerAdapter - Downloaded http://public.dhe.ibm.com/ibmdl/export/pub/software/websphere/wasdev/maven/repository/org/apache/tomcat/embed/tomcat-embed-websocket/9.0.39/tomcat-embed-websocket-9.0.39-sources.jar
2020-12-01 21:18:30,349 [Worker-16: Download sources and javadoc] INFO  o.e.m.c.i.e.AbstractTransferListenerAdapter - Downloading https://repo.maven.apache.org/maven2/org/apache/tomcat/embed/tomcat-embed-websocket/9.0.39/tomcat-embed-websocket-9.0.39-sources.jar
2020-12-01 21:18:30,804 [Worker-16: Download sources and javadoc] INFO  o.e.m.c.i.e.AbstractTransferListenerAdapter - Downloaded https://repo.maven.apache.org/maven2/org/apache/tomcat/embed/tomcat-embed-websocket/9.0.39/tomcat-embed-websocket-9.0.39-sources.jar
2020-12-01 21:18:30,849 [Worker-16: Download sources and javadoc] INFO  o.e.m.j.internal.DownloadSourcesJob - Downloaded sources for org.apache.tomcat.embed:tomcat-embed-websocket:9.0.39
2020-12-01 21:18:31,196 [Worker-16: Download sources and javadoc] INFO  o.e.m.c.i.e.AbstractTransferListenerAdapter - Downloaded http://public.dhe.ibm.com/ibmdl/export/pub/software/websphere/wasdev/maven/repository/org/springframework/spring-web/5.3.1/spring-web-5.3.1-sources.jar
2020-12-01 21:18:31,316 [Worker-16: Download sources and javadoc] INFO  o.e.m.c.i.e.AbstractTransferListenerAdapter - Downloading https://repo.maven.apache.org/maven2/org/springframework/spring-web/5.3.1/spring-web-5.3.1-sources.jar
2020-12-01 21:18:33,451 [Worker-16: Download sources and javadoc] INFO  o.e.m.c.i.e.AbstractTransferListenerAdapter - Downloaded https://repo.maven.apache.org/maven2/org/springframework/spring-web/5.3.1/spring-web-5.3.1-sources.jar
2020-12-01 21:18:33,500 [Worker-16: Download sources and javadoc] INFO  o.e.m.j.internal.DownloadSourcesJob - Downloaded sources for org.springframework:spring-web:5.3.1
2020-12-01 21:18:33,850 [Worker-16: Download sources and javadoc] INFO  o.e.m.c.i.e.AbstractTransferListenerAdapter - Downloaded http://public.dhe.ibm.com/ibmdl/export/pub/software/websphere/wasdev/maven/repository/org/springframework/spring-webmvc/5.3.1/spring-webmvc-5.3.1-sources.jar
2020-12-01 21:18:33,973 [Worker-16: Download sources and javadoc] INFO  o.e.m.c.i.e.AbstractTransferListenerAdapter - Downloading https://repo.maven.apache.org/maven2/org/springframework/spring-webmvc/5.3.1/spring-webmvc-5.3.1-sources.jar
2020-12-01 21:18:35,417 [Worker-16: Download sources and javadoc] INFO  o.e.m.c.i.e.AbstractTransferListenerAdapter - Downloaded https://repo.maven.apache.org/maven2/org/springframework/spring-webmvc/5.3.1/spring-webmvc-5.3.1-sources.jar
2020-12-01 21:18:35,444 [Worker-16: Download sources and javadoc] INFO  o.e.m.j.internal.DownloadSourcesJob - Downloaded sources for org.springframework:spring-webmvc:5.3.1
2020-12-01 21:18:35,770 [Worker-17: Building workspace] INFO  o.e.m.c.i.embedder.EclipseLogger - Using 'UTF-8' encoding to copy filtered resources.
2020-12-01 21:18:35,770 [Worker-17: Building workspace] INFO  o.e.m.c.i.embedder.EclipseLogger - Using 'UTF-8' encoding to copy filtered properties files.
2020-12-01 21:18:35,770 [Worker-17: Building workspace] INFO  o.e.m.c.i.embedder.EclipseLogger - Copying 0 resource
2020-12-01 21:18:35,770 [Worker-17: Building workspace] INFO  o.e.m.c.i.embedder.EclipseLogger - Copying 0 resource
2020-12-01 21:18:35,774 [Worker-17: Building workspace] INFO  o.e.m.c.i.embedder.EclipseLogger - Using 'UTF-8' encoding to copy filtered resources.
2020-12-01 21:18:35,774 [Worker-17: Building workspace] INFO  o.e.m.c.i.embedder.EclipseLogger - Using 'UTF-8' encoding to copy filtered properties files.
2020-12-01 21:18:35,774 [Worker-17: Building workspace] INFO  o.e.m.c.i.embedder.EclipseLogger - skip non existing resourceDirectory C:\web3270\backend\web3270-scripts\src\test\resources
2020-12-01 21:19:32,581 [Worker-17: Building workspace] INFO  o.e.m.c.i.embedder.EclipseLogger - Using 'UTF-8' encoding to copy filtered resources.
2020-12-01 21:19:32,582 [Worker-17: Building workspace] INFO  o.e.m.c.i.embedder.EclipseLogger - Using 'UTF-8' encoding to copy filtered properties files.
2020-12-01 21:19:32,582 [Worker-17: Building workspace] INFO  o.e.m.c.i.embedder.EclipseLogger - Copying 1 resource
2020-12-01 21:19:32,589 [Worker-17: Building workspace] INFO  o.e.m.c.i.embedder.EclipseLogger - Copying 0 resource
2020-12-01 21:19:32,589 [Worker-17: Building workspace] INFO  o.e.m.c.i.embedder.EclipseLogger - The encoding used to copy filtered properties files have not been set. This means that the same encoding will be used to copy filtered properties files as when copying other filtered resources. This might not be what you want! Run your build with --debug to see which files might be affected. Read more at https://maven.apache.org/plugins/maven-resources-plugin/examples/filtering-properties-files.html
2020-12-01 21:19:32,594 [Worker-17: Building workspace] INFO  o.e.m.c.i.embedder.EclipseLogger - Using 'UTF-8' encoding to copy filtered resources.
2020-12-01 21:19:32,594 [Worker-17: Building workspace] INFO  o.e.m.c.i.embedder.EclipseLogger - Using 'UTF-8' encoding to copy filtered properties files.
2020-12-01 21:19:32,594 [Worker-17: Building workspace] INFO  o.e.m.c.i.embedder.EclipseLogger - skip non existing resourceDirectory C:\web3270\backend\web3270-scripts\src\test\resources
2020-12-01 21:23:46,236 [Worker-17: Building workspace] INFO  o.e.m.c.i.embedder.EclipseLogger - Using 'UTF-8' encoding to copy filtered resources.
2020-12-01 21:23:46,236 [Worker-17: Building workspace] INFO  o.e.m.c.i.embedder.EclipseLogger - Using 'UTF-8' encoding to copy filtered properties files.
2020-12-01 21:23:46,237 [Worker-17: Building workspace] INFO  o.e.m.c.i.embedder.EclipseLogger - Copying 1 resource
2020-12-01 21:23:46,241 [Worker-17: Building workspace] INFO  o.e.m.c.i.embedder.EclipseLogger - Copying 0 resource
2020-12-01 21:23:46,241 [Worker-17: Building workspace] INFO  o.e.m.c.i.embedder.EclipseLogger - The encoding used to copy filtered properties files have not been set. This means that the same encoding will be used to copy filtered properties files as when copying other filtered resources. This might not be what you want! Run your build with --debug to see which files might be affected. Read more at https://maven.apache.org/plugins/maven-resources-plugin/examples/filtering-properties-files.html
2020-12-01 21:23:46,245 [Worker-17: Building workspace] INFO  o.e.m.c.i.embedder.EclipseLogger - Using 'UTF-8' encoding to copy filtered resources.
2020-12-01 21:23:46,245 [Worker-17: Building workspace] INFO  o.e.m.c.i.embedder.EclipseLogger - Using 'UTF-8' encoding to copy filtered properties files.
2020-12-01 21:23:46,245 [Worker-17: Building workspace] INFO  o.e.m.c.i.embedder.EclipseLogger - skip non existing resourceDirectory C:\web3270\backend\web3270-scripts\src\test\resources
2020-12-01 21:24:19,933 [Worker-19: Building workspace] INFO  o.e.m.c.i.embedder.EclipseLogger - Using 'UTF-8' encoding to copy filtered resources.
2020-12-01 21:24:19,933 [Worker-19: Building workspace] INFO  o.e.m.c.i.embedder.EclipseLogger - Using 'UTF-8' encoding to copy filtered properties files.
2020-12-01 21:24:19,934 [Worker-19: Building workspace] INFO  o.e.m.c.i.embedder.EclipseLogger - Copying 1 resource
2020-12-01 21:24:19,942 [Worker-19: Building workspace] INFO  o.e.m.c.i.embedder.EclipseLogger - Copying 0 resource
2020-12-01 21:24:19,942 [Worker-19: Building workspace] INFO  o.e.m.c.i.embedder.EclipseLogger - The encoding used to copy filtered properties files have not been set. This means that the same encoding will be used to copy filtered properties files as when copying other filtered resources. This might not be what you want! Run your build with --debug to see which files might be affected. Read more at https://maven.apache.org/plugins/maven-resources-plugin/examples/filtering-properties-files.html
2020-12-01 21:24:19,946 [Worker-19: Building workspace] INFO  o.e.m.c.i.embedder.EclipseLogger - Using 'UTF-8' encoding to copy filtered resources.
2020-12-01 21:24:19,947 [Worker-19: Building workspace] INFO  o.e.m.c.i.embedder.EclipseLogger - Using 'UTF-8' encoding to copy filtered properties files.
2020-12-01 21:24:19,947 [Worker-19: Building workspace] INFO  o.e.m.c.i.embedder.EclipseLogger - skip non existing resourceDirectory C:\web3270\backend\web3270-scripts\src\test\resources
2020-12-01 21:24:41,122 [Worker-12: Building workspace] INFO  o.e.m.c.i.embedder.EclipseLogger - Using 'UTF-8' encoding to copy filtered resources.
2020-12-01 21:24:41,122 [Worker-12: Building workspace] INFO  o.e.m.c.i.embedder.EclipseLogger - Using 'UTF-8' encoding to copy filtered properties files.
2020-12-01 21:24:41,123 [Worker-12: Building workspace] INFO  o.e.m.c.i.embedder.EclipseLogger - Copying 1 resource
2020-12-01 21:24:41,164 [Worker-12: Building workspace] INFO  o.e.m.c.i.embedder.EclipseLogger - Copying 0 resource
2020-12-01 21:24:41,164 [Worker-12: Building workspace] INFO  o.e.m.c.i.embedder.EclipseLogger - The encoding used to copy filtered properties files have not been set. This means that the same encoding will be used to copy filtered properties files as when copying other filtered resources. This might not be what you want! Run your build with --debug to see which files might be affected. Read more at https://maven.apache.org/plugins/maven-resources-plugin/examples/filtering-properties-files.html
2020-12-01 21:24:41,169 [Worker-12: Building workspace] INFO  o.e.m.c.i.embedder.EclipseLogger - Using 'UTF-8' encoding to copy filtered resources.
2020-12-01 21:24:41,169 [Worker-12: Building workspace] INFO  o.e.m.c.i.embedder.EclipseLogger - Using 'UTF-8' encoding to copy filtered properties files.
2020-12-01 21:24:41,170 [Worker-12: Building workspace] INFO  o.e.m.c.i.embedder.EclipseLogger - skip non existing resourceDirectory C:\web3270\backend\web3270-scripts\src\test\resources
2020-12-01 21:24:49,591 [Worker-12: Building workspace] INFO  o.e.m.c.i.embedder.EclipseLogger - Using 'UTF-8' encoding to copy filtered resources.
2020-12-01 21:24:49,591 [Worker-12: Building workspace] INFO  o.e.m.c.i.embedder.EclipseLogger - Using 'UTF-8' encoding to copy filtered properties files.
2020-12-01 21:24:49,592 [Worker-12: Building workspace] INFO  o.e.m.c.i.embedder.EclipseLogger - Copying 1 resource
2020-12-01 21:24:49,600 [Worker-12: Building workspace] INFO  o.e.m.c.i.embedder.EclipseLogger - Copying 0 resource
2020-12-01 21:24:49,600 [Worker-12: Building workspace] INFO  o.e.m.c.i.embedder.EclipseLogger - The encoding used to copy filtered properties files have not been set. This means that the same encoding will be used to copy filtered properties files as when copying other filtered resources. This might not be what you want! Run your build with --debug to see which files might be affected. Read more at https://maven.apache.org/plugins/maven-resources-plugin/examples/filtering-properties-files.html
2020-12-01 21:24:49,604 [Worker-12: Building workspace] INFO  o.e.m.c.i.embedder.EclipseLogger - Using 'UTF-8' encoding to copy filtered resources.
2020-12-01 21:24:49,605 [Worker-12: Building workspace] INFO  o.e.m.c.i.embedder.EclipseLogger - Using 'UTF-8' encoding to copy filtered properties files.
2020-12-01 21:24:49,605 [Worker-12: Building workspace] INFO  o.e.m.c.i.embedder.EclipseLogger - skip non existing resourceDirectory C:\web3270\backend\web3270-scripts\src\test\resources
2020-12-01 21:26:01,680 [Worker-12: Building workspace] INFO  o.e.m.c.i.embedder.EclipseLogger - Using 'UTF-8' encoding to copy filtered resources.
2020-12-01 21:26:01,681 [Worker-12: Building workspace] INFO  o.e.m.c.i.embedder.EclipseLogger - Using 'UTF-8' encoding to copy filtered properties files.
2020-12-01 21:26:01,682 [Worker-12: Building workspace] INFO  o.e.m.c.i.embedder.EclipseLogger - Copying 1 resource
2020-12-01 21:26:01,704 [Worker-12: Building workspace] INFO  o.e.m.c.i.embedder.EclipseLogger - Copying 0 resource
2020-12-01 21:26:01,704 [Worker-12: Building workspace] INFO  o.e.m.c.i.embedder.EclipseLogger - The encoding used to copy filtered properties files have not been set. This means that the same encoding will be used to copy filtered properties files as when copying other filtered resources. This might not be what you want! Run your build with --debug to see which files might be affected. Read more at https://maven.apache.org/plugins/maven-resources-plugin/examples/filtering-properties-files.html
2020-12-01 21:26:01,709 [Worker-12: Building workspace] INFO  o.e.m.c.i.embedder.EclipseLogger - Using 'UTF-8' encoding to copy filtered resources.
2020-12-01 21:26:01,709 [Worker-12: Building workspace] INFO  o.e.m.c.i.embedder.EclipseLogger - Using 'UTF-8' encoding to copy filtered properties files.
2020-12-01 21:26:01,709 [Worker-12: Building workspace] INFO  o.e.m.c.i.embedder.EclipseLogger - skip non existing resourceDirectory C:\web3270\backend\web3270-scripts\src\test\resources
2020-12-01 21:26:23,997 [Worker-19: Building workspace] INFO  o.e.m.c.i.embedder.EclipseLogger - Using 'UTF-8' encoding to copy filtered resources.
2020-12-01 21:26:23,997 [Worker-19: Building workspace] INFO  o.e.m.c.i.embedder.EclipseLogger - Using 'UTF-8' encoding to copy filtered properties files.
2020-12-01 21:26:23,998 [Worker-19: Building workspace] INFO  o.e.m.c.i.embedder.EclipseLogger - Copying 1 resource
2020-12-01 21:26:24,004 [Worker-19: Building workspace] INFO  o.e.m.c.i.embedder.EclipseLogger - Copying 0 resource
2020-12-01 21:26:24,005 [Worker-19: Building workspace] INFO  o.e.m.c.i.embedder.EclipseLogger - The encoding used to copy filtered properties files have not been set. This means that the same encoding will be used to copy filtered properties files as when copying other filtered resources. This might not be what you want! Run your build with --debug to see which files might be affected. Read more at https://maven.apache.org/plugins/maven-resources-plugin/examples/filtering-properties-files.html
2020-12-01 21:26:24,012 [Worker-19: Building workspace] INFO  o.e.m.c.i.embedder.EclipseLogger - Using 'UTF-8' encoding to copy filtered resources.
2020-12-01 21:26:24,013 [Worker-19: Building workspace] INFO  o.e.m.c.i.embedder.EclipseLogger - Using 'UTF-8' encoding to copy filtered properties files.
2020-12-01 21:26:24,013 [Worker-19: Building workspace] INFO  o.e.m.c.i.embedder.EclipseLogger - skip non existing resourceDirectory C:\web3270\backend\web3270-scripts\src\test\resources
2020-12-01 22:01:50,266 [Worker-20: Building workspace] INFO  o.e.m.c.i.embedder.EclipseLogger - Using 'UTF-8' encoding to copy filtered resources.
2020-12-01 22:01:50,266 [Worker-20: Building workspace] INFO  o.e.m.c.i.embedder.EclipseLogger - Using 'UTF-8' encoding to copy filtered properties files.
2020-12-01 22:01:50,267 [Worker-20: Building workspace] INFO  o.e.m.c.i.embedder.EclipseLogger - Copying 1 resource
2020-12-01 22:01:50,293 [Worker-20: Building workspace] INFO  o.e.m.c.i.embedder.EclipseLogger - Copying 0 resource
2020-12-01 22:01:50,293 [Worker-20: Building workspace] INFO  o.e.m.c.i.embedder.EclipseLogger - The encoding used to copy filtered properties files have not been set. This means that the same encoding will be used to copy filtered properties files as when copying other filtered resources. This might not be what you want! Run your build with --debug to see which files might be affected. Read more at https://maven.apache.org/plugins/maven-resources-plugin/examples/filtering-properties-files.html
2020-12-01 22:01:50,298 [Worker-20: Building workspace] INFO  o.e.m.c.i.embedder.EclipseLogger - Using 'UTF-8' encoding to copy filtered resources.
2020-12-01 22:01:50,298 [Worker-20: Building workspace] INFO  o.e.m.c.i.embedder.EclipseLogger - Using 'UTF-8' encoding to copy filtered properties files.
2020-12-01 22:01:50,298 [Worker-20: Building workspace] INFO  o.e.m.c.i.embedder.EclipseLogger - skip non existing resourceDirectory C:\web3270\backend\web3270-scripts\src\test\resources
2020-12-01 22:01:56,713 [Worker-22: Building workspace] INFO  o.e.m.c.i.embedder.EclipseLogger - Using 'UTF-8' encoding to copy filtered resources.
2020-12-01 22:01:56,714 [Worker-22: Building workspace] INFO  o.e.m.c.i.embedder.EclipseLogger - Using 'UTF-8' encoding to copy filtered properties files.
2020-12-01 22:01:56,715 [Worker-22: Building workspace] INFO  o.e.m.c.i.embedder.EclipseLogger - Copying 1 resource
2020-12-01 22:01:56,747 [Worker-22: Building workspace] INFO  o.e.m.c.i.embedder.EclipseLogger - Copying 0 resource
2020-12-01 22:01:56,747 [Worker-22: Building workspace] INFO  o.e.m.c.i.embedder.EclipseLogger - The encoding used to copy filtered properties files have not been set. This means that the same encoding will be used to copy filtered properties files as when copying other filtered resources. This might not be what you want! Run your build with --debug to see which files might be affected. Read more at https://maven.apache.org/plugins/maven-resources-plugin/examples/filtering-properties-files.html
2020-12-01 22:01:56,754 [Worker-22: Building workspace] INFO  o.e.m.c.i.embedder.EclipseLogger - Using 'UTF-8' encoding to copy filtered resources.
2020-12-01 22:01:56,754 [Worker-22: Building workspace] INFO  o.e.m.c.i.embedder.EclipseLogger - Using 'UTF-8' encoding to copy filtered properties files.
2020-12-01 22:01:56,754 [Worker-22: Building workspace] INFO  o.e.m.c.i.embedder.EclipseLogger - skip non existing resourceDirectory C:\web3270\backend\web3270-scripts\src\test\resources
2020-12-01 22:02:24,944 [Worker-18: Building workspace] INFO  o.e.m.c.i.embedder.EclipseLogger - Using 'UTF-8' encoding to copy filtered resources.
2020-12-01 22:02:24,944 [Worker-18: Building workspace] INFO  o.e.m.c.i.embedder.EclipseLogger - Using 'UTF-8' encoding to copy filtered properties files.
2020-12-01 22:02:24,945 [Worker-18: Building workspace] INFO  o.e.m.c.i.embedder.EclipseLogger - Copying 1 resource
2020-12-01 22:02:24,950 [Worker-18: Building workspace] INFO  o.e.m.c.i.embedder.EclipseLogger - Copying 0 resource
2020-12-01 22:02:24,950 [Worker-18: Building workspace] INFO  o.e.m.c.i.embedder.EclipseLogger - The encoding used to copy filtered properties files have not been set. This means that the same encoding will be used to copy filtered properties files as when copying other filtered resources. This might not be what you want! Run your build with --debug to see which files might be affected. Read more at https://maven.apache.org/plugins/maven-resources-plugin/examples/filtering-properties-files.html
2020-12-01 22:02:24,952 [Worker-18: Building workspace] INFO  o.e.m.c.i.embedder.EclipseLogger - Using 'UTF-8' encoding to copy filtered resources.
2020-12-01 22:02:24,952 [Worker-18: Building workspace] INFO  o.e.m.c.i.embedder.EclipseLogger - Using 'UTF-8' encoding to copy filtered properties files.
2020-12-01 22:02:24,952 [Worker-18: Building workspace] INFO  o.e.m.c.i.embedder.EclipseLogger - skip non existing resourceDirectory C:\web3270\backend\web3270-scripts\src\test\resources
2020-12-01 22:02:53,809 [Worker-23: Building workspace] INFO  o.e.m.c.i.embedder.EclipseLogger - Using 'UTF-8' encoding to copy filtered resources.
2020-12-01 22:02:53,809 [Worker-23: Building workspace] INFO  o.e.m.c.i.embedder.EclipseLogger - Using 'UTF-8' encoding to copy filtered properties files.
2020-12-01 22:02:53,811 [Worker-23: Building workspace] INFO  o.e.m.c.i.embedder.EclipseLogger - Copying 1 resource
2020-12-01 22:02:53,816 [Worker-23: Building workspace] INFO  o.e.m.c.i.embedder.EclipseLogger - Copying 0 resource
2020-12-01 22:02:53,817 [Worker-23: Building workspace] INFO  o.e.m.c.i.embedder.EclipseLogger - The encoding used to copy filtered properties files have not been set. This means that the same encoding will be used to copy filtered properties files as when copying other filtered resources. This might not be what you want! Run your build with --debug to see which files might be affected. Read more at https://maven.apache.org/plugins/maven-resources-plugin/examples/filtering-properties-files.html
2020-12-01 22:02:53,820 [Worker-23: Building workspace] INFO  o.e.m.c.i.embedder.EclipseLogger - Using 'UTF-8' encoding to copy filtered resources.
2020-12-01 22:02:53,820 [Worker-23: Building workspace] INFO  o.e.m.c.i.embedder.EclipseLogger - Using 'UTF-8' encoding to copy filtered properties files.
2020-12-01 22:02:53,820 [Worker-23: Building workspace] INFO  o.e.m.c.i.embedder.EclipseLogger - skip non existing resourceDirectory C:\web3270\backend\web3270-scripts\src\test\resources
2020-12-01 22:03:20,733 [Worker-23: Building workspace] INFO  o.e.m.c.i.embedder.EclipseLogger - Using 'UTF-8' encoding to copy filtered resources.
2020-12-01 22:03:20,733 [Worker-23: Building workspace] INFO  o.e.m.c.i.embedder.EclipseLogger - Using 'UTF-8' encoding to copy filtered properties files.
2020-12-01 22:03:20,734 [Worker-23: Building workspace] INFO  o.e.m.c.i.embedder.EclipseLogger - Copying 1 resource
2020-12-01 22:03:20,739 [Worker-23: Building workspace] INFO  o.e.m.c.i.embedder.EclipseLogger - Copying 0 resource
2020-12-01 22:03:20,739 [Worker-23: Building workspace] INFO  o.e.m.c.i.embedder.EclipseLogger - The encoding used to copy filtered properties files have not been set. This means that the same encoding will be used to copy filtered properties files as when copying other filtered resources. This might not be what you want! Run your build with --debug to see which files might be affected. Read more at https://maven.apache.org/plugins/maven-resources-plugin/examples/filtering-properties-files.html
2020-12-01 22:03:20,741 [Worker-23: Building workspace] INFO  o.e.m.c.i.embedder.EclipseLogger - Using 'UTF-8' encoding to copy filtered resources.
2020-12-01 22:03:20,741 [Worker-23: Building workspace] INFO  o.e.m.c.i.embedder.EclipseLogger - Using 'UTF-8' encoding to copy filtered properties files.
2020-12-01 22:03:20,741 [Worker-23: Building workspace] INFO  o.e.m.c.i.embedder.EclipseLogger - skip non existing resourceDirectory C:\web3270\backend\web3270-scripts\src\test\resources
2020-12-01 22:03:59,111 [Worker-21: Building workspace] INFO  o.e.m.c.i.embedder.EclipseLogger - Using 'UTF-8' encoding to copy filtered resources.
2020-12-01 22:03:59,111 [Worker-21: Building workspace] INFO  o.e.m.c.i.embedder.EclipseLogger - Using 'UTF-8' encoding to copy filtered properties files.
2020-12-01 22:03:59,112 [Worker-21: Building workspace] INFO  o.e.m.c.i.embedder.EclipseLogger - Copying 1 resource
2020-12-01 22:03:59,117 [Worker-21: Building workspace] INFO  o.e.m.c.i.embedder.EclipseLogger - Copying 0 resource
2020-12-01 22:03:59,117 [Worker-21: Building workspace] INFO  o.e.m.c.i.embedder.EclipseLogger - The encoding used to copy filtered properties files have not been set. This means that the same encoding will be used to copy filtered properties files as when copying other filtered resources. This might not be what you want! Run your build with --debug to see which files might be affected. Read more at https://maven.apache.org/plugins/maven-resources-plugin/examples/filtering-properties-files.html
2020-12-01 22:03:59,120 [Worker-21: Building workspace] INFO  o.e.m.c.i.embedder.EclipseLogger - Using 'UTF-8' encoding to copy filtered resources.
2020-12-01 22:03:59,121 [Worker-21: Building workspace] INFO  o.e.m.c.i.embedder.EclipseLogger - Using 'UTF-8' encoding to copy filtered properties files.
2020-12-01 22:03:59,121 [Worker-21: Building workspace] INFO  o.e.m.c.i.embedder.EclipseLogger - skip non existing resourceDirectory C:\web3270\backend\web3270-scripts\src\test\resources
2020-12-01 22:04:41,698 [Worker-18: Building workspace] INFO  o.e.m.c.i.l.LifecycleMappingFactory - Using org.eclipse.m2e.jdt.JarLifecycleMapping lifecycle mapping for MavenProject: br.com.evandrorenan:web3270-scripts:0.0.1-SNAPSHOT @ C:\web3270\backend\web3270-scripts\pom.xml.
2020-12-01 22:04:42,409 [Worker-18: Building workspace] INFO  o.e.m.c.i.e.AbstractTransferListenerAdapter - Downloaded http://public.dhe.ibm.com/ibmdl/export/pub/software/websphere/wasdev/maven/repository/org/projectlombok/lombok/1.18.16/lombok-1.18.16.pom
2020-12-01 22:04:42,978 [Worker-18: Building workspace] INFO  o.e.m.c.i.e.AbstractTransferListenerAdapter - Downloading https://repo.maven.apache.org/maven2/org/projectlombok/lombok/1.18.16/lombok-1.18.16.pom
2020-12-01 22:04:43,116 [Worker-18: Building workspace] INFO  o.e.m.c.i.e.AbstractTransferListenerAdapter - Downloaded https://repo.maven.apache.org/maven2/org/projectlombok/lombok/1.18.16/lombok-1.18.16.pom
2020-12-01 22:04:43,710 [Worker-18: Building workspace] INFO  o.e.m.c.i.e.AbstractTransferListenerAdapter - Downloaded http://public.dhe.ibm.com/ibmdl/export/pub/software/websphere/wasdev/maven/repository/org/projectlombok/lombok/1.18.16/lombok-1.18.16.jar
2020-12-01 22:04:43,842 [Worker-18: Building workspace] INFO  o.e.m.c.i.e.AbstractTransferListenerAdapter - Downloading https://repo.maven.apache.org/maven2/org/projectlombok/lombok/1.18.16/lombok-1.18.16.jar
2020-12-01 22:04:47,603 [Worker-18: Building workspace] INFO  o.e.m.c.i.e.AbstractTransferListenerAdapter - Downloaded https://repo.maven.apache.org/maven2/org/projectlombok/lombok/1.18.16/lombok-1.18.16.jar
2020-12-01 22:04:48,691 [Worker-18: Building workspace] INFO  o.e.m.c.i.embedder.EclipseLogger - Using 'UTF-8' encoding to copy filtered resources.
2020-12-01 22:04:48,692 [Worker-18: Building workspace] INFO  o.e.m.c.i.embedder.EclipseLogger - Using 'UTF-8' encoding to copy filtered properties files.
2020-12-01 22:04:48,695 [Worker-18: Building workspace] INFO  o.e.m.c.i.embedder.EclipseLogger - Copying 0 resource
2020-12-01 22:04:48,695 [Worker-18: Building workspace] INFO  o.e.m.c.i.embedder.EclipseLogger - Copying 0 resource
2020-12-01 22:04:48,698 [Worker-18: Building workspace] INFO  o.e.m.c.i.embedder.EclipseLogger - Using 'UTF-8' encoding to copy filtered resources.
2020-12-01 22:04:48,698 [Worker-18: Building workspace] INFO  o.e.m.c.i.embedder.EclipseLogger - Using 'UTF-8' encoding to copy filtered properties files.
2020-12-01 22:04:48,698 [Worker-18: Building workspace] INFO  o.e.m.c.i.embedder.EclipseLogger - skip non existing resourceDirectory C:\web3270\backend\web3270-scripts\src\test\resources
2020-12-01 22:04:50,303 [Worker-26: Download sources and javadoc] INFO  o.e.m.c.i.e.AbstractTransferListenerAdapter - Downloaded http://public.dhe.ibm.com/ibmdl/export/pub/software/websphere/wasdev/maven/repository/org/projectlombok/lombok/1.18.16/lombok-1.18.16-sources.jar
2020-12-01 22:04:50,305 [Worker-21: Building workspace] INFO  o.e.m.c.i.embedder.EclipseLogger - Using 'UTF-8' encoding to copy filtered resources.
2020-12-01 22:04:50,305 [Worker-21: Building workspace] INFO  o.e.m.c.i.embedder.EclipseLogger - Using 'UTF-8' encoding to copy filtered properties files.
2020-12-01 22:04:50,306 [Worker-21: Building workspace] INFO  o.e.m.c.i.embedder.EclipseLogger - Copying 1 resource
2020-12-01 22:04:50,334 [Worker-21: Building workspace] INFO  o.e.m.c.i.embedder.EclipseLogger - Copying 0 resource
2020-12-01 22:04:50,335 [Worker-21: Building workspace] INFO  o.e.m.c.i.embedder.EclipseLogger - The encoding used to copy filtered properties files have not been set. This means that the same encoding will be used to copy filtered properties files as when copying other filtered resources. This might not be what you want! Run your build with --debug to see which files might be affected. Read more at https://maven.apache.org/plugins/maven-resources-plugin/examples/filtering-properties-files.html
2020-12-01 22:04:50,337 [Worker-21: Building workspace] INFO  o.e.m.c.i.embedder.EclipseLogger - Using 'UTF-8' encoding to copy filtered resources.
2020-12-01 22:04:50,337 [Worker-21: Building workspace] INFO  o.e.m.c.i.embedder.EclipseLogger - Using 'UTF-8' encoding to copy filtered properties files.
2020-12-01 22:04:50,337 [Worker-21: Building workspace] INFO  o.e.m.c.i.embedder.EclipseLogger - skip non existing resourceDirectory C:\web3270\backend\web3270-scripts\src\test\resources
2020-12-01 22:04:50,694 [Worker-26: Download sources and javadoc] INFO  o.e.m.c.i.e.AbstractTransferListenerAdapter - Downloading https://repo.maven.apache.org/maven2/org/projectlombok/lombok/1.18.16/lombok-1.18.16-sources.jar
2020-12-01 22:04:52,590 [Worker-26: Download sources and javadoc] INFO  o.e.m.c.i.e.AbstractTransferListenerAdapter - Downloaded https://repo.maven.apache.org/maven2/org/projectlombok/lombok/1.18.16/lombok-1.18.16-sources.jar
2020-12-01 22:04:52,639 [Worker-26: Download sources and javadoc] INFO  o.e.m.j.internal.DownloadSourcesJob - Downloaded sources for org.projectlombok:lombok:1.18.16
2020-12-01 22:04:53,004 [Worker-18: Building workspace] INFO  o.e.m.c.i.embedder.EclipseLogger - Using 'UTF-8' encoding to copy filtered resources.
2020-12-01 22:04:53,004 [Worker-18: Building workspace] INFO  o.e.m.c.i.embedder.EclipseLogger - Using 'UTF-8' encoding to copy filtered properties files.
2020-12-01 22:04:53,004 [Worker-18: Building workspace] INFO  o.e.m.c.i.embedder.EclipseLogger - Copying 0 resource
2020-12-01 22:04:53,004 [Worker-18: Building workspace] INFO  o.e.m.c.i.embedder.EclipseLogger - Copying 0 resource
2020-12-01 22:04:53,006 [Worker-18: Building workspace] INFO  o.e.m.c.i.embedder.EclipseLogger - Using 'UTF-8' encoding to copy filtered resources.
2020-12-01 22:04:53,006 [Worker-18: Building workspace] INFO  o.e.m.c.i.embedder.EclipseLogger - Using 'UTF-8' encoding to copy filtered properties files.
2020-12-01 22:04:53,006 [Worker-18: Building workspace] INFO  o.e.m.c.i.embedder.EclipseLogger - skip non existing resourceDirectory C:\web3270\backend\web3270-scripts\src\test\resources
2020-12-01 22:05:01,508 [Worker-20: Building workspace] INFO  o.e.m.c.i.embedder.EclipseLogger - Using 'UTF-8' encoding to copy filtered resources.
2020-12-01 22:05:01,508 [Worker-20: Building workspace] INFO  o.e.m.c.i.embedder.EclipseLogger - Using 'UTF-8' encoding to copy filtered properties files.
2020-12-01 22:05:01,508 [Worker-20: Building workspace] INFO  o.e.m.c.i.embedder.EclipseLogger - Copying 1 resource
2020-12-01 22:05:01,513 [Worker-20: Building workspace] INFO  o.e.m.c.i.embedder.EclipseLogger - Copying 0 resource
2020-12-01 22:05:01,513 [Worker-20: Building workspace] INFO  o.e.m.c.i.embedder.EclipseLogger - The encoding used to copy filtered properties files have not been set. This means that the same encoding will be used to copy filtered properties files as when copying other filtered resources. This might not be what you want! Run your build with --debug to see which files might be affected. Read more at https://maven.apache.org/plugins/maven-resources-plugin/examples/filtering-properties-files.html
2020-12-01 22:05:01,515 [Worker-20: Building workspace] INFO  o.e.m.c.i.embedder.EclipseLogger - Using 'UTF-8' encoding to copy filtered resources.
2020-12-01 22:05:01,515 [Worker-20: Building workspace] INFO  o.e.m.c.i.embedder.EclipseLogger - Using 'UTF-8' encoding to copy filtered properties files.
2020-12-01 22:05:01,516 [Worker-20: Building workspace] INFO  o.e.m.c.i.embedder.EclipseLogger - skip non existing resourceDirectory C:\web3270\backend\web3270-scripts\src\test\resources
2020-12-01 22:05:24,154 [Worker-26: Building workspace] INFO  o.e.m.c.i.embedder.EclipseLogger - Using 'UTF-8' encoding to copy filtered resources.
2020-12-01 22:05:24,154 [Worker-26: Building workspace] INFO  o.e.m.c.i.embedder.EclipseLogger - Using 'UTF-8' encoding to copy filtered properties files.
2020-12-01 22:05:24,155 [Worker-26: Building workspace] INFO  o.e.m.c.i.embedder.EclipseLogger - Copying 1 resource
2020-12-01 22:05:24,159 [Worker-26: Building workspace] INFO  o.e.m.c.i.embedder.EclipseLogger - Copying 0 resource
2020-12-01 22:05:24,160 [Worker-26: Building workspace] INFO  o.e.m.c.i.embedder.EclipseLogger - The encoding used to copy filtered properties files have not been set. This means that the same encoding will be used to copy filtered properties files as when copying other filtered resources. This might not be what you want! Run your build with --debug to see which files might be affected. Read more at https://maven.apache.org/plugins/maven-resources-plugin/examples/filtering-properties-files.html
2020-12-01 22:05:24,162 [Worker-26: Building workspace] INFO  o.e.m.c.i.embedder.EclipseLogger - Using 'UTF-8' encoding to copy filtered resources.
2020-12-01 22:05:24,162 [Worker-26: Building workspace] INFO  o.e.m.c.i.embedder.EclipseLogger - Using 'UTF-8' encoding to copy filtered properties files.
2020-12-01 22:05:24,162 [Worker-26: Building workspace] INFO  o.e.m.c.i.embedder.EclipseLogger - skip non existing resourceDirectory C:\web3270\backend\web3270-scripts\src\test\resources
2020-12-01 22:06:36,758 [Worker-20: Building workspace] INFO  o.e.m.c.i.embedder.EclipseLogger - Using 'UTF-8' encoding to copy filtered resources.
2020-12-01 22:06:36,759 [Worker-20: Building workspace] INFO  o.e.m.c.i.embedder.EclipseLogger - Using 'UTF-8' encoding to copy filtered properties files.
2020-12-01 22:06:36,760 [Worker-20: Building workspace] INFO  o.e.m.c.i.embedder.EclipseLogger - Copying 1 resource
2020-12-01 22:06:36,803 [Worker-20: Building workspace] INFO  o.e.m.c.i.embedder.EclipseLogger - Copying 0 resource
2020-12-01 22:06:36,803 [Worker-20: Building workspace] INFO  o.e.m.c.i.embedder.EclipseLogger - The encoding used to copy filtered properties files have not been set. This means that the same encoding will be used to copy filtered properties files as when copying other filtered resources. This might not be what you want! Run your build with --debug to see which files might be affected. Read more at https://maven.apache.org/plugins/maven-resources-plugin/examples/filtering-properties-files.html
2020-12-01 22:06:36,815 [Worker-20: Building workspace] INFO  o.e.m.c.i.embedder.EclipseLogger - Using 'UTF-8' encoding to copy filtered resources.
2020-12-01 22:06:36,815 [Worker-20: Building workspace] INFO  o.e.m.c.i.embedder.EclipseLogger - Using 'UTF-8' encoding to copy filtered properties files.
2020-12-01 22:06:36,815 [Worker-20: Building workspace] INFO  o.e.m.c.i.embedder.EclipseLogger - skip non existing resourceDirectory C:\web3270\backend\web3270-scripts\src\test\resources
2020-12-01 22:06:53,820 [Worker-12: Building workspace] INFO  o.e.m.c.i.embedder.EclipseLogger - Using 'UTF-8' encoding to copy filtered resources.
2020-12-01 22:06:53,820 [Worker-12: Building workspace] INFO  o.e.m.c.i.embedder.EclipseLogger - Using 'UTF-8' encoding to copy filtered properties files.
2020-12-01 22:06:53,821 [Worker-12: Building workspace] INFO  o.e.m.c.i.embedder.EclipseLogger - Copying 1 resource
2020-12-01 22:06:53,828 [Worker-12: Building workspace] INFO  o.e.m.c.i.embedder.EclipseLogger - Copying 0 resource
2020-12-01 22:06:53,829 [Worker-12: Building workspace] INFO  o.e.m.c.i.embedder.EclipseLogger - The encoding used to copy filtered properties files have not been set. This means that the same encoding will be used to copy filtered properties files as when copying other filtered resources. This might not be what you want! Run your build with --debug to see which files might be affected. Read more at https://maven.apache.org/plugins/maven-resources-plugin/examples/filtering-properties-files.html
2020-12-01 22:06:53,831 [Worker-12: Building workspace] INFO  o.e.m.c.i.embedder.EclipseLogger - Using 'UTF-8' encoding to copy filtered resources.
2020-12-01 22:06:53,831 [Worker-12: Building workspace] INFO  o.e.m.c.i.embedder.EclipseLogger - Using 'UTF-8' encoding to copy filtered properties files.
2020-12-01 22:06:53,831 [Worker-12: Building workspace] INFO  o.e.m.c.i.embedder.EclipseLogger - skip non existing resourceDirectory C:\web3270\backend\web3270-scripts\src\test\resources
2020-12-01 22:07:34,403 [Worker-25: Building workspace] INFO  o.e.m.c.i.embedder.EclipseLogger - Using 'UTF-8' encoding to copy filtered resources.
2020-12-01 22:07:34,403 [Worker-25: Building workspace] INFO  o.e.m.c.i.embedder.EclipseLogger - Using 'UTF-8' encoding to copy filtered properties files.
2020-12-01 22:07:34,404 [Worker-25: Building workspace] INFO  o.e.m.c.i.embedder.EclipseLogger - Copying 1 resource
2020-12-01 22:07:34,436 [Worker-25: Building workspace] INFO  o.e.m.c.i.embedder.EclipseLogger - Copying 0 resource
2020-12-01 22:07:34,436 [Worker-25: Building workspace] INFO  o.e.m.c.i.embedder.EclipseLogger - The encoding used to copy filtered properties files have not been set. This means that the same encoding will be used to copy filtered properties files as when copying other filtered resources. This might not be what you want! Run your build with --debug to see which files might be affected. Read more at https://maven.apache.org/plugins/maven-resources-plugin/examples/filtering-properties-files.html
2020-12-01 22:07:34,447 [Worker-25: Building workspace] INFO  o.e.m.c.i.embedder.EclipseLogger - Using 'UTF-8' encoding to copy filtered resources.
2020-12-01 22:07:34,447 [Worker-25: Building workspace] INFO  o.e.m.c.i.embedder.EclipseLogger - Using 'UTF-8' encoding to copy filtered properties files.
2020-12-01 22:07:34,448 [Worker-25: Building workspace] INFO  o.e.m.c.i.embedder.EclipseLogger - skip non existing resourceDirectory C:\web3270\backend\web3270-scripts\src\test\resources
2020-12-01 22:07:49,259 [Worker-21: Building workspace] INFO  o.e.m.c.i.embedder.EclipseLogger - Using 'UTF-8' encoding to copy filtered resources.
2020-12-01 22:07:49,259 [Worker-21: Building workspace] INFO  o.e.m.c.i.embedder.EclipseLogger - Using 'UTF-8' encoding to copy filtered properties files.
2020-12-01 22:07:49,260 [Worker-21: Building workspace] INFO  o.e.m.c.i.embedder.EclipseLogger - Copying 1 resource
2020-12-01 22:07:49,282 [Worker-21: Building workspace] INFO  o.e.m.c.i.embedder.EclipseLogger - Copying 0 resource
2020-12-01 22:07:49,282 [Worker-21: Building workspace] INFO  o.e.m.c.i.embedder.EclipseLogger - The encoding used to copy filtered properties files have not been set. This means that the same encoding will be used to copy filtered properties files as when copying other filtered resources. This might not be what you want! Run your build with --debug to see which files might be affected. Read more at https://maven.apache.org/plugins/maven-resources-plugin/examples/filtering-properties-files.html
2020-12-01 22:07:49,284 [Worker-21: Building workspace] INFO  o.e.m.c.i.embedder.EclipseLogger - Using 'UTF-8' encoding to copy filtered resources.
2020-12-01 22:07:49,284 [Worker-21: Building workspace] INFO  o.e.m.c.i.embedder.EclipseLogger - Using 'UTF-8' encoding to copy filtered properties files.
2020-12-01 22:07:49,284 [Worker-21: Building workspace] INFO  o.e.m.c.i.embedder.EclipseLogger - skip non existing resourceDirectory C:\web3270\backend\web3270-scripts\src\test\resources
2020-12-01 22:08:02,282 [Worker-25: Building workspace] INFO  o.e.m.c.i.embedder.EclipseLogger - Using 'UTF-8' encoding to copy filtered resources.
2020-12-01 22:08:02,283 [Worker-25: Building workspace] INFO  o.e.m.c.i.embedder.EclipseLogger - Using 'UTF-8' encoding to copy filtered properties files.
2020-12-01 22:08:02,284 [Worker-25: Building workspace] INFO  o.e.m.c.i.embedder.EclipseLogger - Copying 1 resource
2020-12-01 22:08:02,290 [Worker-25: Building workspace] INFO  o.e.m.c.i.embedder.EclipseLogger - Copying 0 resource
2020-12-01 22:08:02,290 [Worker-25: Building workspace] INFO  o.e.m.c.i.embedder.EclipseLogger - The encoding used to copy filtered properties files have not been set. This means that the same encoding will be used to copy filtered properties files as when copying other filtered resources. This might not be what you want! Run your build with --debug to see which files might be affected. Read more at https://maven.apache.org/plugins/maven-resources-plugin/examples/filtering-properties-files.html
2020-12-01 22:08:02,295 [Worker-25: Building workspace] INFO  o.e.m.c.i.embedder.EclipseLogger - Using 'UTF-8' encoding to copy filtered resources.
2020-12-01 22:08:02,295 [Worker-25: Building workspace] INFO  o.e.m.c.i.embedder.EclipseLogger - Using 'UTF-8' encoding to copy filtered properties files.
2020-12-01 22:08:02,296 [Worker-25: Building workspace] INFO  o.e.m.c.i.embedder.EclipseLogger - skip non existing resourceDirectory C:\web3270\backend\web3270-scripts\src\test\resources
2020-12-01 22:10:20,813 [Worker-4: Loading available Gradle versions] INFO  o.e.b.c.i.u.g.PublishedGradleVersions - Gradle version information cache is up-to-date. Trying to read.
2020-12-01 22:10:38,354 [Worker-2: Updating Maven Dependencies] INFO  o.e.m.c.i.l.LifecycleMappingFactory - Using org.eclipse.m2e.jdt.JarLifecycleMapping lifecycle mapping for MavenProject: br.com.evandrorenan:web3270-scripts:0.0.1-SNAPSHOT @ C:\web3270\backend\web3270-scripts\pom.xml.
2020-12-01 22:10:38,354 [Worker-7: Building] INFO  o.e.m.c.i.l.LifecycleMappingFactory - Using org.eclipse.m2e.jdt.JarLifecycleMapping lifecycle mapping for MavenProject: br.com.evandrorenan:web3270-scripts:0.0.1-SNAPSHOT @ C:\web3270\backend\web3270-scripts\pom.xml.
2020-12-01 22:10:42,714 [Worker-7: Building] INFO  o.e.m.c.i.embedder.EclipseLogger - Using 'UTF-8' encoding to copy filtered resources.
2020-12-01 22:10:42,714 [Worker-7: Building] INFO  o.e.m.c.i.embedder.EclipseLogger - Using 'UTF-8' encoding to copy filtered properties files.
2020-12-01 22:10:42,718 [Worker-7: Building] INFO  o.e.m.c.i.embedder.EclipseLogger - Copying 1 resource
2020-12-01 22:10:42,738 [Worker-7: Building] INFO  o.e.m.c.i.embedder.EclipseLogger - Copying 0 resource
2020-12-01 22:10:42,738 [Worker-7: Building] INFO  o.e.m.c.i.embedder.EclipseLogger - The encoding used to copy filtered properties files have not been set. This means that the same encoding will be used to copy filtered properties files as when copying other filtered resources. This might not be what you want! Run your build with --debug to see which files might be affected. Read more at https://maven.apache.org/plugins/maven-resources-plugin/examples/filtering-properties-files.html
2020-12-01 22:10:42,741 [Worker-7: Building] INFO  o.e.m.c.i.embedder.EclipseLogger - Using 'UTF-8' encoding to copy filtered resources.
2020-12-01 22:10:42,741 [Worker-7: Building] INFO  o.e.m.c.i.embedder.EclipseLogger - Using 'UTF-8' encoding to copy filtered properties files.
2020-12-01 22:10:42,742 [Worker-7: Building] INFO  o.e.m.c.i.embedder.EclipseLogger - skip non existing resourceDirectory C:\web3270\backend\web3270-scripts\src\test\resources
2020-12-01 22:10:44,826 [Worker-3: Updating Maven Dependencies] INFO  o.e.m.c.i.l.LifecycleMappingFactory - Using org.eclipse.m2e.jdt.JarLifecycleMapping lifecycle mapping for MavenProject: br.com.evandrorenan:web3270-scripts:0.0.1-SNAPSHOT @ C:\web3270\backend\web3270-scripts\pom.xml.
2020-12-01 22:10:46,882 [Worker-7: Building] INFO  o.e.m.c.i.embedder.EclipseLogger - Using 'UTF-8' encoding to copy filtered resources.
2020-12-01 22:10:46,884 [Worker-7: Building] INFO  o.e.m.c.i.embedder.EclipseLogger - Using 'UTF-8' encoding to copy filtered properties files.
2020-12-01 22:10:46,887 [Worker-7: Building] INFO  o.e.m.c.i.embedder.EclipseLogger - Copying 0 resource
2020-12-01 22:10:46,888 [Worker-7: Building] INFO  o.e.m.c.i.embedder.EclipseLogger - Copying 0 resource
2020-12-01 22:10:46,891 [Worker-7: Building] INFO  o.e.m.c.i.embedder.EclipseLogger - Using 'UTF-8' encoding to copy filtered resources.
2020-12-01 22:10:46,891 [Worker-7: Building] INFO  o.e.m.c.i.embedder.EclipseLogger - Using 'UTF-8' encoding to copy filtered properties files.
2020-12-01 22:10:46,891 [Worker-7: Building] INFO  o.e.m.c.i.embedder.EclipseLogger - skip non existing resourceDirectory C:\web3270\backend\web3270-scripts\src\test\resources
2020-12-01 22:11:24,233 [Worker-8: Building] INFO  o.e.m.c.i.embedder.EclipseLogger - Using 'UTF-8' encoding to copy filtered resources.
2020-12-01 22:11:24,233 [Worker-8: Building] INFO  o.e.m.c.i.embedder.EclipseLogger - Using 'UTF-8' encoding to copy filtered properties files.
2020-12-01 22:11:24,234 [Worker-8: Building] INFO  o.e.m.c.i.embedder.EclipseLogger - Copying 0 resource
2020-12-01 22:11:24,234 [Worker-8: Building] INFO  o.e.m.c.i.embedder.EclipseLogger - Copying 0 resource
2020-12-01 22:11:24,236 [Worker-8: Building] INFO  o.e.m.c.i.embedder.EclipseLogger - Using 'UTF-8' encoding to copy filtered resources.
2020-12-01 22:11:24,236 [Worker-8: Building] INFO  o.e.m.c.i.embedder.EclipseLogger - Using 'UTF-8' encoding to copy filtered properties files.
2020-12-01 22:11:24,236 [Worker-8: Building] INFO  o.e.m.c.i.embedder.EclipseLogger - skip non existing resourceDirectory C:\web3270\backend\web3270-scripts\src\test\resources
2020-12-01 22:11:45,504 [Worker-8: Building] INFO  o.e.m.c.i.embedder.EclipseLogger - Using 'UTF-8' encoding to copy filtered resources.
2020-12-01 22:11:45,504 [Worker-8: Building] INFO  o.e.m.c.i.embedder.EclipseLogger - Using 'UTF-8' encoding to copy filtered properties files.
2020-12-01 22:11:45,507 [Worker-8: Building] INFO  o.e.m.c.i.embedder.EclipseLogger - Copying 1 resource
2020-12-01 22:11:45,527 [Worker-8: Building] INFO  o.e.m.c.i.embedder.EclipseLogger - Copying 0 resource
2020-12-01 22:11:45,528 [Worker-8: Building] INFO  o.e.m.c.i.embedder.EclipseLogger - The encoding used to copy filtered properties files have not been set. This means that the same encoding will be used to copy filtered properties files as when copying other filtered resources. This might not be what you want! Run your build with --debug to see which files might be affected. Read more at https://maven.apache.org/plugins/maven-resources-plugin/examples/filtering-properties-files.html
2020-12-01 22:11:45,531 [Worker-8: Building] INFO  o.e.m.c.i.embedder.EclipseLogger - Using 'UTF-8' encoding to copy filtered resources.
2020-12-01 22:11:45,531 [Worker-8: Building] INFO  o.e.m.c.i.embedder.EclipseLogger - Using 'UTF-8' encoding to copy filtered properties files.
2020-12-01 22:11:45,532 [Worker-8: Building] INFO  o.e.m.c.i.embedder.EclipseLogger - skip non existing resourceDirectory C:\web3270\backend\web3270-scripts\src\test\resources
2020-12-01 22:12:13,010 [Worker-2: Building] INFO  o.e.m.c.i.l.LifecycleMappingFactory - Using org.eclipse.m2e.jdt.JarLifecycleMapping lifecycle mapping for MavenProject: br.com.evandrorenan:web3270-scripts:0.0.1-SNAPSHOT @ C:\web3270\backend\web3270-scripts\pom.xml.
2020-12-01 22:12:14,419 [Worker-2: Building] INFO  o.e.m.c.i.embedder.EclipseLogger - Using 'UTF-8' encoding to copy filtered resources.
2020-12-01 22:12:14,419 [Worker-2: Building] INFO  o.e.m.c.i.embedder.EclipseLogger - Using 'UTF-8' encoding to copy filtered properties files.
2020-12-01 22:12:14,422 [Worker-2: Building] INFO  o.e.m.c.i.embedder.EclipseLogger - Copying 0 resource
2020-12-01 22:12:14,423 [Worker-2: Building] INFO  o.e.m.c.i.embedder.EclipseLogger - Copying 0 resource
2020-12-01 22:12:14,426 [Worker-2: Building] INFO  o.e.m.c.i.embedder.EclipseLogger - Using 'UTF-8' encoding to copy filtered resources.
2020-12-01 22:12:14,426 [Worker-2: Building] INFO  o.e.m.c.i.embedder.EclipseLogger - Using 'UTF-8' encoding to copy filtered properties files.
2020-12-01 22:12:14,427 [Worker-2: Building] INFO  o.e.m.c.i.embedder.EclipseLogger - skip non existing resourceDirectory C:\web3270\backend\web3270-scripts\src\test\resources
2020-12-01 22:13:04,456 [Worker-3: Building] INFO  o.e.m.c.i.embedder.EclipseLogger - Using 'UTF-8' encoding to copy filtered resources.
2020-12-01 22:13:04,456 [Worker-3: Building] INFO  o.e.m.c.i.embedder.EclipseLogger - Using 'UTF-8' encoding to copy filtered properties files.
2020-12-01 22:13:04,458 [Worker-3: Building] INFO  o.e.m.c.i.embedder.EclipseLogger - Copying 1 resource
2020-12-01 22:13:04,476 [Worker-3: Building] INFO  o.e.m.c.i.embedder.EclipseLogger - Copying 0 resource
2020-12-01 22:13:04,476 [Worker-3: Building] INFO  o.e.m.c.i.embedder.EclipseLogger - The encoding used to copy filtered properties files have not been set. This means that the same encoding will be used to copy filtered properties files as when copying other filtered resources. This might not be what you want! Run your build with --debug to see which files might be affected. Read more at https://maven.apache.org/plugins/maven-resources-plugin/examples/filtering-properties-files.html
2020-12-01 22:13:04,478 [Worker-3: Building] INFO  o.e.m.c.i.embedder.EclipseLogger - Using 'UTF-8' encoding to copy filtered resources.
2020-12-01 22:13:04,479 [Worker-3: Building] INFO  o.e.m.c.i.embedder.EclipseLogger - Using 'UTF-8' encoding to copy filtered properties files.
2020-12-01 22:13:04,479 [Worker-3: Building] INFO  o.e.m.c.i.embedder.EclipseLogger - skip non existing resourceDirectory C:\web3270\backend\web3270-scripts\src\test\resources
2020-12-01 22:13:14,242 [Worker-1: Building] INFO  o.e.m.c.i.embedder.EclipseLogger - Using 'UTF-8' encoding to copy filtered resources.
2020-12-01 22:13:14,243 [Worker-1: Building] INFO  o.e.m.c.i.embedder.EclipseLogger - Using 'UTF-8' encoding to copy filtered properties files.
2020-12-01 22:13:14,244 [Worker-1: Building] INFO  o.e.m.c.i.embedder.EclipseLogger - Copying 1 resource
2020-12-01 22:13:14,282 [Worker-1: Building] INFO  o.e.m.c.i.embedder.EclipseLogger - Copying 0 resource
2020-12-01 22:13:14,282 [Worker-1: Building] INFO  o.e.m.c.i.embedder.EclipseLogger - The encoding used to copy filtered properties files have not been set. This means that the same encoding will be used to copy filtered properties files as when copying other filtered resources. This might not be what you want! Run your build with --debug to see which files might be affected. Read more at https://maven.apache.org/plugins/maven-resources-plugin/examples/filtering-properties-files.html
2020-12-01 22:13:14,294 [Worker-1: Building] INFO  o.e.m.c.i.embedder.EclipseLogger - Using 'UTF-8' encoding to copy filtered resources.
2020-12-01 22:13:14,294 [Worker-1: Building] INFO  o.e.m.c.i.embedder.EclipseLogger - Using 'UTF-8' encoding to copy filtered properties files.
2020-12-01 22:13:14,294 [Worker-1: Building] INFO  o.e.m.c.i.embedder.EclipseLogger - skip non existing resourceDirectory C:\web3270\backend\web3270-scripts\src\test\resources
2020-12-01 22:14:05,662 [Worker-0: Building] INFO  o.e.m.c.i.embedder.EclipseLogger - Using 'UTF-8' encoding to copy filtered resources.
2020-12-01 22:14:05,662 [Worker-0: Building] INFO  o.e.m.c.i.embedder.EclipseLogger - Using 'UTF-8' encoding to copy filtered properties files.
2020-12-01 22:14:05,663 [Worker-0: Building] INFO  o.e.m.c.i.embedder.EclipseLogger - Copying 1 resource
2020-12-01 22:14:05,671 [Worker-0: Building] INFO  o.e.m.c.i.embedder.EclipseLogger - Copying 0 resource
2020-12-01 22:14:05,671 [Worker-0: Building] INFO  o.e.m.c.i.embedder.EclipseLogger - The encoding used to copy filtered properties files have not been set. This means that the same encoding will be used to copy filtered properties files as when copying other filtered resources. This might not be what you want! Run your build with --debug to see which files might be affected. Read more at https://maven.apache.org/plugins/maven-resources-plugin/examples/filtering-properties-files.html
2020-12-01 22:14:05,674 [Worker-0: Building] INFO  o.e.m.c.i.embedder.EclipseLogger - Using 'UTF-8' encoding to copy filtered resources.
2020-12-01 22:14:05,675 [Worker-0: Building] INFO  o.e.m.c.i.embedder.EclipseLogger - Using 'UTF-8' encoding to copy filtered properties files.
2020-12-01 22:14:05,675 [Worker-0: Building] INFO  o.e.m.c.i.embedder.EclipseLogger - skip non existing resourceDirectory C:\web3270\backend\web3270-scripts\src\test\resources
2020-12-01 22:16:16,098 [Worker-7: Building] INFO  o.e.m.c.i.embedder.EclipseLogger - Using 'UTF-8' encoding to copy filtered resources.
2020-12-01 22:16:16,099 [Worker-7: Building] INFO  o.e.m.c.i.embedder.EclipseLogger - Using 'UTF-8' encoding to copy filtered properties files.
2020-12-01 22:16:16,100 [Worker-7: Building] INFO  o.e.m.c.i.embedder.EclipseLogger - Copying 1 resource
2020-12-01 22:16:16,106 [Worker-7: Building] INFO  o.e.m.c.i.embedder.EclipseLogger - Copying 0 resource
2020-12-01 22:16:16,106 [Worker-7: Building] INFO  o.e.m.c.i.embedder.EclipseLogger - The encoding used to copy filtered properties files have not been set. This means that the same encoding will be used to copy filtered properties files as when copying other filtered resources. This might not be what you want! Run your build with --debug to see which files might be affected. Read more at https://maven.apache.org/plugins/maven-resources-plugin/examples/filtering-properties-files.html
2020-12-01 22:16:16,108 [Worker-7: Building] INFO  o.e.m.c.i.embedder.EclipseLogger - Using 'UTF-8' encoding to copy filtered resources.
2020-12-01 22:16:16,108 [Worker-7: Building] INFO  o.e.m.c.i.embedder.EclipseLogger - Using 'UTF-8' encoding to copy filtered properties files.
2020-12-01 22:16:16,109 [Worker-7: Building] INFO  o.e.m.c.i.embedder.EclipseLogger - skip non existing resourceDirectory C:\web3270\backend\web3270-scripts\src\test\resources
2020-12-01 22:16:20,862 [Worker-1: Building] INFO  o.e.m.c.i.embedder.EclipseLogger - Using 'UTF-8' encoding to copy filtered resources.
2020-12-01 22:16:20,863 [Worker-1: Building] INFO  o.e.m.c.i.embedder.EclipseLogger - Using 'UTF-8' encoding to copy filtered properties files.
2020-12-01 22:16:20,864 [Worker-1: Building] INFO  o.e.m.c.i.embedder.EclipseLogger - Copying 1 resource
2020-12-01 22:16:20,890 [Worker-1: Building] INFO  o.e.m.c.i.embedder.EclipseLogger - Copying 0 resource
2020-12-01 22:16:20,890 [Worker-1: Building] INFO  o.e.m.c.i.embedder.EclipseLogger - The encoding used to copy filtered properties files have not been set. This means that the same encoding will be used to copy filtered properties files as when copying other filtered resources. This might not be what you want! Run your build with --debug to see which files might be affected. Read more at https://maven.apache.org/plugins/maven-resources-plugin/examples/filtering-properties-files.html
2020-12-01 22:16:20,895 [Worker-1: Building] INFO  o.e.m.c.i.embedder.EclipseLogger - Using 'UTF-8' encoding to copy filtered resources.
2020-12-01 22:16:20,895 [Worker-1: Building] INFO  o.e.m.c.i.embedder.EclipseLogger - Using 'UTF-8' encoding to copy filtered properties files.
2020-12-01 22:16:20,895 [Worker-1: Building] INFO  o.e.m.c.i.embedder.EclipseLogger - skip non existing resourceDirectory C:\web3270\backend\web3270-scripts\src\test\resources
2020-12-01 22:16:30,435 [Worker-0: Building] INFO  o.e.m.c.i.embedder.EclipseLogger - Using 'UTF-8' encoding to copy filtered resources.
2020-12-01 22:16:30,435 [Worker-0: Building] INFO  o.e.m.c.i.embedder.EclipseLogger - Using 'UTF-8' encoding to copy filtered properties files.
2020-12-01 22:16:30,436 [Worker-0: Building] INFO  o.e.m.c.i.embedder.EclipseLogger - Copying 1 resource
2020-12-01 22:16:30,442 [Worker-0: Building] INFO  o.e.m.c.i.embedder.EclipseLogger - Copying 0 resource
2020-12-01 22:16:30,443 [Worker-0: Building] INFO  o.e.m.c.i.embedder.EclipseLogger - The encoding used to copy filtered properties files have not been set. This means that the same encoding will be used to copy filtered properties files as when copying other filtered resources. This might not be what you want! Run your build with --debug to see which files might be affected. Read more at https://maven.apache.org/plugins/maven-resources-plugin/examples/filtering-properties-files.html
2020-12-01 22:16:30,445 [Worker-0: Building] INFO  o.e.m.c.i.embedder.EclipseLogger - Using 'UTF-8' encoding to copy filtered resources.
2020-12-01 22:16:30,445 [Worker-0: Building] INFO  o.e.m.c.i.embedder.EclipseLogger - Using 'UTF-8' encoding to copy filtered properties files.
2020-12-01 22:16:30,445 [Worker-0: Building] INFO  o.e.m.c.i.embedder.EclipseLogger - skip non existing resourceDirectory C:\web3270\backend\web3270-scripts\src\test\resources
2020-12-01 22:17:00,446 [Worker-9: Building] INFO  o.e.m.c.i.embedder.EclipseLogger - Using 'UTF-8' encoding to copy filtered resources.
2020-12-01 22:17:00,446 [Worker-9: Building] INFO  o.e.m.c.i.embedder.EclipseLogger - Using 'UTF-8' encoding to copy filtered properties files.
2020-12-01 22:17:00,447 [Worker-9: Building] INFO  o.e.m.c.i.embedder.EclipseLogger - Copying 1 resource
2020-12-01 22:17:00,456 [Worker-9: Building] INFO  o.e.m.c.i.embedder.EclipseLogger - Copying 0 resource
2020-12-01 22:17:00,456 [Worker-9: Building] INFO  o.e.m.c.i.embedder.EclipseLogger - The encoding used to copy filtered properties files have not been set. This means that the same encoding will be used to copy filtered properties files as when copying other filtered resources. This might not be what you want! Run your build with --debug to see which files might be affected. Read more at https://maven.apache.org/plugins/maven-resources-plugin/examples/filtering-properties-files.html
2020-12-01 22:17:00,475 [Worker-9: Building] INFO  o.e.m.c.i.embedder.EclipseLogger - Using 'UTF-8' encoding to copy filtered resources.
2020-12-01 22:17:00,476 [Worker-9: Building] INFO  o.e.m.c.i.embedder.EclipseLogger - Using 'UTF-8' encoding to copy filtered properties files.
2020-12-01 22:17:00,476 [Worker-9: Building] INFO  o.e.m.c.i.embedder.EclipseLogger - skip non existing resourceDirectory C:\web3270\backend\web3270-scripts\src\test\resources
2020-12-01 22:17:24,322 [Worker-8: Building] INFO  o.e.m.c.i.embedder.EclipseLogger - Using 'UTF-8' encoding to copy filtered resources.
2020-12-01 22:17:24,323 [Worker-8: Building] INFO  o.e.m.c.i.embedder.EclipseLogger - Using 'UTF-8' encoding to copy filtered properties files.
2020-12-01 22:17:24,323 [Worker-8: Building] INFO  o.e.m.c.i.embedder.EclipseLogger - Copying 1 resource
2020-12-01 22:17:24,330 [Worker-8: Building] INFO  o.e.m.c.i.embedder.EclipseLogger - Copying 0 resource
2020-12-01 22:17:24,330 [Worker-8: Building] INFO  o.e.m.c.i.embedder.EclipseLogger - The encoding used to copy filtered properties files have not been set. This means that the same encoding will be used to copy filtered properties files as when copying other filtered resources. This might not be what you want! Run your build with --debug to see which files might be affected. Read more at https://maven.apache.org/plugins/maven-resources-plugin/examples/filtering-properties-files.html
2020-12-01 22:17:24,333 [Worker-8: Building] INFO  o.e.m.c.i.embedder.EclipseLogger - Using 'UTF-8' encoding to copy filtered resources.
2020-12-01 22:17:24,333 [Worker-8: Building] INFO  o.e.m.c.i.embedder.EclipseLogger - Using 'UTF-8' encoding to copy filtered properties files.
2020-12-01 22:17:24,334 [Worker-8: Building] INFO  o.e.m.c.i.embedder.EclipseLogger - skip non existing resourceDirectory C:\web3270\backend\web3270-scripts\src\test\resources
2020-12-01 22:18:31,223 [Worker-1: Building] INFO  o.e.m.c.i.l.LifecycleMappingFactory - Using org.eclipse.m2e.jdt.JarLifecycleMapping lifecycle mapping for MavenProject: br.com.evandrorenan:web3270-scripts:0.0.1-SNAPSHOT @ C:\web3270\backend\web3270-scripts\pom.xml.
2020-12-01 22:19:26,759 [Worker-8: Building] INFO  o.e.m.c.i.l.LifecycleMappingFactory - Using org.eclipse.m2e.jdt.JarLifecycleMapping lifecycle mapping for MavenProject: br.com.evandrorenan:web3270-scripts:0.0.1-SNAPSHOT @ C:\web3270\backend\web3270-scripts\pom.xml.
2020-12-01 22:19:27,481 [Worker-8: Building] INFO  o.e.m.c.i.embedder.EclipseLogger - Using 'UTF-8' encoding to copy filtered resources.
2020-12-01 22:19:27,481 [Worker-8: Building] INFO  o.e.m.c.i.embedder.EclipseLogger - Using 'UTF-8' encoding to copy filtered properties files.
2020-12-01 22:19:27,484 [Worker-8: Building] INFO  o.e.m.c.i.embedder.EclipseLogger - Copying 0 resource
2020-12-01 22:19:27,485 [Worker-8: Building] INFO  o.e.m.c.i.embedder.EclipseLogger - Copying 0 resource
2020-12-01 22:19:27,487 [Worker-8: Building] INFO  o.e.m.c.i.embedder.EclipseLogger - Using 'UTF-8' encoding to copy filtered resources.
2020-12-01 22:19:27,487 [Worker-8: Building] INFO  o.e.m.c.i.embedder.EclipseLogger - Using 'UTF-8' encoding to copy filtered properties files.
2020-12-01 22:19:27,487 [Worker-8: Building] INFO  o.e.m.c.i.embedder.EclipseLogger - skip non existing resourceDirectory C:\web3270\backend\web3270-scripts\src\test\resources
2020-12-01 22:19:29,865 [Worker-9: Building] INFO  o.e.m.c.i.embedder.EclipseLogger - Using 'UTF-8' encoding to copy filtered resources.
2020-12-01 22:19:29,866 [Worker-9: Building] INFO  o.e.m.c.i.embedder.EclipseLogger - Using 'UTF-8' encoding to copy filtered properties files.
2020-12-01 22:19:29,866 [Worker-9: Building] INFO  o.e.m.c.i.embedder.EclipseLogger - Copying 1 resource
2020-12-01 22:19:29,880 [Worker-9: Building] INFO  o.e.m.c.i.embedder.EclipseLogger - Copying 0 resource
2020-12-01 22:19:29,881 [Worker-9: Building] INFO  o.e.m.c.i.embedder.EclipseLogger - The encoding used to copy filtered properties files have not been set. This means that the same encoding will be used to copy filtered properties files as when copying other filtered resources. This might not be what you want! Run your build with --debug to see which files might be affected. Read more at https://maven.apache.org/plugins/maven-resources-plugin/examples/filtering-properties-files.html
2020-12-01 22:19:29,882 [Worker-9: Building] INFO  o.e.m.c.i.embedder.EclipseLogger - Using 'UTF-8' encoding to copy filtered resources.
2020-12-01 22:19:29,882 [Worker-9: Building] INFO  o.e.m.c.i.embedder.EclipseLogger - Using 'UTF-8' encoding to copy filtered properties files.
2020-12-01 22:19:29,882 [Worker-9: Building] INFO  o.e.m.c.i.embedder.EclipseLogger - skip non existing resourceDirectory C:\web3270\backend\web3270-scripts\src\test\resources
2020-12-01 22:19:34,708 [Worker-2: Building] INFO  o.e.m.c.i.embedder.EclipseLogger - Using 'UTF-8' encoding to copy filtered resources.
2020-12-01 22:19:34,709 [Worker-2: Building] INFO  o.e.m.c.i.embedder.EclipseLogger - Using 'UTF-8' encoding to copy filtered properties files.
2020-12-01 22:19:34,710 [Worker-2: Building] INFO  o.e.m.c.i.embedder.EclipseLogger - Copying 1 resource
2020-12-01 22:19:34,721 [Worker-2: Building] INFO  o.e.m.c.i.embedder.EclipseLogger - Copying 0 resource
2020-12-01 22:19:34,722 [Worker-2: Building] INFO  o.e.m.c.i.embedder.EclipseLogger - The encoding used to copy filtered properties files have not been set. This means that the same encoding will be used to copy filtered properties files as when copying other filtered resources. This might not be what you want! Run your build with --debug to see which files might be affected. Read more at https://maven.apache.org/plugins/maven-resources-plugin/examples/filtering-properties-files.html
2020-12-01 22:19:34,726 [Worker-2: Building] INFO  o.e.m.c.i.embedder.EclipseLogger - Using 'UTF-8' encoding to copy filtered resources.
2020-12-01 22:19:34,726 [Worker-2: Building] INFO  o.e.m.c.i.embedder.EclipseLogger - Using 'UTF-8' encoding to copy filtered properties files.
2020-12-01 22:19:34,726 [Worker-2: Building] INFO  o.e.m.c.i.embedder.EclipseLogger - skip non existing resourceDirectory C:\web3270\backend\web3270-scripts\src\test\resources
2020-12-01 22:20:04,836 [Worker-1: Building] INFO  o.e.m.c.i.embedder.EclipseLogger - Using 'UTF-8' encoding to copy filtered resources.
2020-12-01 22:20:04,836 [Worker-1: Building] INFO  o.e.m.c.i.embedder.EclipseLogger - Using 'UTF-8' encoding to copy filtered properties files.
2020-12-01 22:20:04,837 [Worker-1: Building] INFO  o.e.m.c.i.embedder.EclipseLogger - Copying 1 resource
2020-12-01 22:20:04,843 [Worker-1: Building] INFO  o.e.m.c.i.embedder.EclipseLogger - Copying 0 resource
2020-12-01 22:20:04,844 [Worker-1: Building] INFO  o.e.m.c.i.embedder.EclipseLogger - The encoding used to copy filtered properties files have not been set. This means that the same encoding will be used to copy filtered properties files as when copying other filtered resources. This might not be what you want! Run your build with --debug to see which files might be affected. Read more at https://maven.apache.org/plugins/maven-resources-plugin/examples/filtering-properties-files.html
2020-12-01 22:20:04,845 [Worker-1: Building] INFO  o.e.m.c.i.embedder.EclipseLogger - Using 'UTF-8' encoding to copy filtered resources.
2020-12-01 22:20:04,846 [Worker-1: Building] INFO  o.e.m.c.i.embedder.EclipseLogger - Using 'UTF-8' encoding to copy filtered properties files.
2020-12-01 22:20:04,846 [Worker-1: Building] INFO  o.e.m.c.i.embedder.EclipseLogger - skip non existing resourceDirectory C:\web3270\backend\web3270-scripts\src\test\resources
2020-12-01 22:21:25,984 [Worker-2: Building] INFO  o.e.m.c.i.embedder.EclipseLogger - Using 'UTF-8' encoding to copy filtered resources.
2020-12-01 22:21:25,984 [Worker-2: Building] INFO  o.e.m.c.i.embedder.EclipseLogger - Using 'UTF-8' encoding to copy filtered properties files.
2020-12-01 22:21:25,985 [Worker-2: Building] INFO  o.e.m.c.i.embedder.EclipseLogger - Copying 1 resource
2020-12-01 22:21:25,991 [Worker-2: Building] INFO  o.e.m.c.i.embedder.EclipseLogger - Copying 0 resource
2020-12-01 22:21:25,991 [Worker-2: Building] INFO  o.e.m.c.i.embedder.EclipseLogger - The encoding used to copy filtered properties files have not been set. This means that the same encoding will be used to copy filtered properties files as when copying other filtered resources. This might not be what you want! Run your build with --debug to see which files might be affected. Read more at https://maven.apache.org/plugins/maven-resources-plugin/examples/filtering-properties-files.html
2020-12-01 22:21:25,994 [Worker-2: Building] INFO  o.e.m.c.i.embedder.EclipseLogger - Using 'UTF-8' encoding to copy filtered resources.
2020-12-01 22:21:25,994 [Worker-2: Building] INFO  o.e.m.c.i.embedder.EclipseLogger - Using 'UTF-8' encoding to copy filtered properties files.
2020-12-01 22:21:25,994 [Worker-2: Building] INFO  o.e.m.c.i.embedder.EclipseLogger - skip non existing resourceDirectory C:\web3270\backend\web3270-scripts\src\test\resources
2020-12-01 22:22:16,039 [Worker-7: Building] INFO  o.e.m.c.i.embedder.EclipseLogger - Using 'UTF-8' encoding to copy filtered resources.
2020-12-01 22:22:16,039 [Worker-7: Building] INFO  o.e.m.c.i.embedder.EclipseLogger - Using 'UTF-8' encoding to copy filtered properties files.
2020-12-01 22:22:16,040 [Worker-7: Building] INFO  o.e.m.c.i.embedder.EclipseLogger - Copying 1 resource
2020-12-01 22:22:16,046 [Worker-7: Building] INFO  o.e.m.c.i.embedder.EclipseLogger - Copying 0 resource
2020-12-01 22:22:16,046 [Worker-7: Building] INFO  o.e.m.c.i.embedder.EclipseLogger - The encoding used to copy filtered properties files have not been set. This means that the same encoding will be used to copy filtered properties files as when copying other filtered resources. This might not be what you want! Run your build with --debug to see which files might be affected. Read more at https://maven.apache.org/plugins/maven-resources-plugin/examples/filtering-properties-files.html
2020-12-01 22:22:16,048 [Worker-7: Building] INFO  o.e.m.c.i.embedder.EclipseLogger - Using 'UTF-8' encoding to copy filtered resources.
2020-12-01 22:22:16,048 [Worker-7: Building] INFO  o.e.m.c.i.embedder.EclipseLogger - Using 'UTF-8' encoding to copy filtered properties files.
2020-12-01 22:22:16,048 [Worker-7: Building] INFO  o.e.m.c.i.embedder.EclipseLogger - skip non existing resourceDirectory C:\web3270\backend\web3270-scripts\src\test\resources
2020-12-01 22:22:44,842 [Worker-8: Building] INFO  o.e.m.c.i.embedder.EclipseLogger - Using 'UTF-8' encoding to copy filtered resources.
2020-12-01 22:22:44,843 [Worker-8: Building] INFO  o.e.m.c.i.embedder.EclipseLogger - Using 'UTF-8' encoding to copy filtered properties files.
2020-12-01 22:22:44,844 [Worker-8: Building] INFO  o.e.m.c.i.embedder.EclipseLogger - Copying 1 resource
2020-12-01 22:22:44,852 [Worker-8: Building] INFO  o.e.m.c.i.embedder.EclipseLogger - Copying 0 resource
2020-12-01 22:22:44,852 [Worker-8: Building] INFO  o.e.m.c.i.embedder.EclipseLogger - The encoding used to copy filtered properties files have not been set. This means that the same encoding will be used to copy filtered properties files as when copying other filtered resources. This might not be what you want! Run your build with --debug to see which files might be affected. Read more at https://maven.apache.org/plugins/maven-resources-plugin/examples/filtering-properties-files.html
2020-12-01 22:22:44,854 [Worker-8: Building] INFO  o.e.m.c.i.embedder.EclipseLogger - Using 'UTF-8' encoding to copy filtered resources.
2020-12-01 22:22:44,854 [Worker-8: Building] INFO  o.e.m.c.i.embedder.EclipseLogger - Using 'UTF-8' encoding to copy filtered properties files.
2020-12-01 22:22:44,854 [Worker-8: Building] INFO  o.e.m.c.i.embedder.EclipseLogger - skip non existing resourceDirectory C:\web3270\backend\web3270-scripts\src\test\resources
2020-12-01 22:23:08,312 [Worker-0: Building] INFO  o.e.m.c.i.embedder.EclipseLogger - Using 'UTF-8' encoding to copy filtered resources.
2020-12-01 22:23:08,312 [Worker-0: Building] INFO  o.e.m.c.i.embedder.EclipseLogger - Using 'UTF-8' encoding to copy filtered properties files.
2020-12-01 22:23:08,313 [Worker-0: Building] INFO  o.e.m.c.i.embedder.EclipseLogger - Copying 1 resource
2020-12-01 22:23:08,320 [Worker-0: Building] INFO  o.e.m.c.i.embedder.EclipseLogger - Copying 0 resource
2020-12-01 22:23:08,320 [Worker-0: Building] INFO  o.e.m.c.i.embedder.EclipseLogger - The encoding used to copy filtered properties files have not been set. This means that the same encoding will be used to copy filtered properties files as when copying other filtered resources. This might not be what you want! Run your build with --debug to see which files might be affected. Read more at https://maven.apache.org/plugins/maven-resources-plugin/examples/filtering-properties-files.html
2020-12-01 22:23:08,324 [Worker-0: Building] INFO  o.e.m.c.i.embedder.EclipseLogger - Using 'UTF-8' encoding to copy filtered resources.
2020-12-01 22:23:08,325 [Worker-0: Building] INFO  o.e.m.c.i.embedder.EclipseLogger - Using 'UTF-8' encoding to copy filtered properties files.
2020-12-01 22:23:08,325 [Worker-0: Building] INFO  o.e.m.c.i.embedder.EclipseLogger - skip non existing resourceDirectory C:\web3270\backend\web3270-scripts\src\test\resources
2020-12-01 22:23:58,153 [Worker-7: Building] INFO  o.e.m.c.i.embedder.EclipseLogger - Using 'UTF-8' encoding to copy filtered resources.
2020-12-01 22:23:58,153 [Worker-7: Building] INFO  o.e.m.c.i.embedder.EclipseLogger - Using 'UTF-8' encoding to copy filtered properties files.
2020-12-01 22:23:58,154 [Worker-7: Building] INFO  o.e.m.c.i.embedder.EclipseLogger - Copying 1 resource
2020-12-01 22:23:58,164 [Worker-7: Building] INFO  o.e.m.c.i.embedder.EclipseLogger - Copying 0 resource
2020-12-01 22:23:58,164 [Worker-7: Building] INFO  o.e.m.c.i.embedder.EclipseLogger - The encoding used to copy filtered properties files have not been set. This means that the same encoding will be used to copy filtered properties files as when copying other filtered resources. This might not be what you want! Run your build with --debug to see which files might be affected. Read more at https://maven.apache.org/plugins/maven-resources-plugin/examples/filtering-properties-files.html
2020-12-01 22:23:58,166 [Worker-7: Building] INFO  o.e.m.c.i.embedder.EclipseLogger - Using 'UTF-8' encoding to copy filtered resources.
2020-12-01 22:23:58,166 [Worker-7: Building] INFO  o.e.m.c.i.embedder.EclipseLogger - Using 'UTF-8' encoding to copy filtered properties files.
2020-12-01 22:23:58,166 [Worker-7: Building] INFO  o.e.m.c.i.embedder.EclipseLogger - skip non existing resourceDirectory C:\web3270\backend\web3270-scripts\src\test\resources
2020-12-01 22:24:32,952 [Worker-8: Building] INFO  o.e.m.c.i.embedder.EclipseLogger - Using 'UTF-8' encoding to copy filtered resources.
2020-12-01 22:24:32,952 [Worker-8: Building] INFO  o.e.m.c.i.embedder.EclipseLogger - Using 'UTF-8' encoding to copy filtered properties files.
2020-12-01 22:24:32,953 [Worker-8: Building] INFO  o.e.m.c.i.embedder.EclipseLogger - Copying 1 resource
2020-12-01 22:24:32,960 [Worker-8: Building] INFO  o.e.m.c.i.embedder.EclipseLogger - Copying 0 resource
2020-12-01 22:24:32,960 [Worker-8: Building] INFO  o.e.m.c.i.embedder.EclipseLogger - The encoding used to copy filtered properties files have not been set. This means that the same encoding will be used to copy filtered properties files as when copying other filtered resources. This might not be what you want! Run your build with --debug to see which files might be affected. Read more at https://maven.apache.org/plugins/maven-resources-plugin/examples/filtering-properties-files.html
2020-12-01 22:24:32,963 [Worker-8: Building] INFO  o.e.m.c.i.embedder.EclipseLogger - Using 'UTF-8' encoding to copy filtered resources.
2020-12-01 22:24:32,963 [Worker-8: Building] INFO  o.e.m.c.i.embedder.EclipseLogger - Using 'UTF-8' encoding to copy filtered properties files.
2020-12-01 22:24:32,963 [Worker-8: Building] INFO  o.e.m.c.i.embedder.EclipseLogger - skip non existing resourceDirectory C:\web3270\backend\web3270-scripts\src\test\resources
2020-12-01 22:24:40,549 [Worker-5: Building] INFO  o.e.m.c.i.embedder.EclipseLogger - Using 'UTF-8' encoding to copy filtered resources.
2020-12-01 22:24:40,549 [Worker-5: Building] INFO  o.e.m.c.i.embedder.EclipseLogger - Using 'UTF-8' encoding to copy filtered properties files.
2020-12-01 22:24:40,550 [Worker-5: Building] INFO  o.e.m.c.i.embedder.EclipseLogger - Copying 1 resource
2020-12-01 22:24:40,566 [Worker-5: Building] INFO  o.e.m.c.i.embedder.EclipseLogger - Copying 0 resource
2020-12-01 22:24:40,566 [Worker-5: Building] INFO  o.e.m.c.i.embedder.EclipseLogger - The encoding used to copy filtered properties files have not been set. This means that the same encoding will be used to copy filtered properties files as when copying other filtered resources. This might not be what you want! Run your build with --debug to see which files might be affected. Read more at https://maven.apache.org/plugins/maven-resources-plugin/examples/filtering-properties-files.html
2020-12-01 22:24:40,569 [Worker-5: Building] INFO  o.e.m.c.i.embedder.EclipseLogger - Using 'UTF-8' encoding to copy filtered resources.
2020-12-01 22:24:40,570 [Worker-5: Building] INFO  o.e.m.c.i.embedder.EclipseLogger - Using 'UTF-8' encoding to copy filtered properties files.
2020-12-01 22:24:40,570 [Worker-5: Building] INFO  o.e.m.c.i.embedder.EclipseLogger - skip non existing resourceDirectory C:\web3270\backend\web3270-scripts\src\test\resources
2020-12-01 22:25:01,250 [Worker-6: Building] INFO  o.e.m.c.i.embedder.EclipseLogger - Using 'UTF-8' encoding to copy filtered resources.
2020-12-01 22:25:01,250 [Worker-6: Building] INFO  o.e.m.c.i.embedder.EclipseLogger - Using 'UTF-8' encoding to copy filtered properties files.
2020-12-01 22:25:01,251 [Worker-6: Building] INFO  o.e.m.c.i.embedder.EclipseLogger - Copying 1 resource
2020-12-01 22:25:01,256 [Worker-6: Building] INFO  o.e.m.c.i.embedder.EclipseLogger - Copying 0 resource
2020-12-01 22:25:01,256 [Worker-6: Building] INFO  o.e.m.c.i.embedder.EclipseLogger - The encoding used to copy filtered properties files have not been set. This means that the same encoding will be used to copy filtered properties files as when copying other filtered resources. This might not be what you want! Run your build with --debug to see which files might be affected. Read more at https://maven.apache.org/plugins/maven-resources-plugin/examples/filtering-properties-files.html
2020-12-01 22:25:01,258 [Worker-6: Building] INFO  o.e.m.c.i.embedder.EclipseLogger - Using 'UTF-8' encoding to copy filtered resources.
2020-12-01 22:25:01,258 [Worker-6: Building] INFO  o.e.m.c.i.embedder.EclipseLogger - Using 'UTF-8' encoding to copy filtered properties files.
2020-12-01 22:25:01,258 [Worker-6: Building] INFO  o.e.m.c.i.embedder.EclipseLogger - skip non existing resourceDirectory C:\web3270\backend\web3270-scripts\src\test\resources
2020-12-01 22:25:03,996 [Worker-4: Building] INFO  o.e.m.c.i.embedder.EclipseLogger - Using 'UTF-8' encoding to copy filtered resources.
2020-12-01 22:25:03,996 [Worker-4: Building] INFO  o.e.m.c.i.embedder.EclipseLogger - Using 'UTF-8' encoding to copy filtered properties files.
2020-12-01 22:25:03,998 [Worker-4: Building] INFO  o.e.m.c.i.embedder.EclipseLogger - Copying 1 resource
2020-12-01 22:25:04,016 [Worker-4: Building] INFO  o.e.m.c.i.embedder.EclipseLogger - Copying 0 resource
2020-12-01 22:25:04,017 [Worker-4: Building] INFO  o.e.m.c.i.embedder.EclipseLogger - The encoding used to copy filtered properties files have not been set. This means that the same encoding will be used to copy filtered properties files as when copying other filtered resources. This might not be what you want! Run your build with --debug to see which files might be affected. Read more at https://maven.apache.org/plugins/maven-resources-plugin/examples/filtering-properties-files.html
2020-12-01 22:25:04,020 [Worker-4: Building] INFO  o.e.m.c.i.embedder.EclipseLogger - Using 'UTF-8' encoding to copy filtered resources.
2020-12-01 22:25:04,020 [Worker-4: Building] INFO  o.e.m.c.i.embedder.EclipseLogger - Using 'UTF-8' encoding to copy filtered properties files.
2020-12-01 22:25:04,020 [Worker-4: Building] INFO  o.e.m.c.i.embedder.EclipseLogger - skip non existing resourceDirectory C:\web3270\backend\web3270-scripts\src\test\resources
2020-12-01 22:25:56,524 [Worker-1: Building] INFO  o.e.m.c.i.l.LifecycleMappingFactory - Using org.eclipse.m2e.jdt.JarLifecycleMapping lifecycle mapping for MavenProject: br.com.evandrorenan:web3270-scripts:0.0.1-SNAPSHOT @ C:\web3270\backend\web3270-scripts\pom.xml.
2020-12-01 22:25:57,788 [AetherRepositoryConnector-public.dhe.ibm.com-0-1] INFO  o.e.m.c.i.e.AbstractTransferListenerAdapter - Downloaded http://public.dhe.ibm.com/ibmdl/export/pub/software/websphere/wasdev/maven/repository/org/springframework/data/spring-data-jpa/2.4.1/spring-data-jpa-2.4.1.jar
2020-12-01 22:25:57,788 [AetherRepositoryConnector-public.dhe.ibm.com-0-3] INFO  o.e.m.c.i.e.AbstractTransferListenerAdapter - Downloaded http://public.dhe.ibm.com/ibmdl/export/pub/software/websphere/wasdev/maven/repository/org/springframework/spring-orm/5.3.1/spring-orm-5.3.1.jar
2020-12-01 22:25:57,797 [AetherRepositoryConnector-public.dhe.ibm.com-0-4] INFO  o.e.m.c.i.e.AbstractTransferListenerAdapter - Downloaded http://public.dhe.ibm.com/ibmdl/export/pub/software/websphere/wasdev/maven/repository/org/springframework/spring-tx/5.3.1/spring-tx-5.3.1.jar
2020-12-01 22:25:57,797 [AetherRepositoryConnector-public.dhe.ibm.com-0-0] INFO  o.e.m.c.i.e.AbstractTransferListenerAdapter - Downloaded http://public.dhe.ibm.com/ibmdl/export/pub/software/websphere/wasdev/maven/repository/org/hibernate/hibernate-core/5.4.23.Final/hibernate-core-5.4.23.Final.jar
2020-12-01 22:25:57,797 [AetherRepositoryConnector-public.dhe.ibm.com-0-2] INFO  o.e.m.c.i.e.AbstractTransferListenerAdapter - Downloaded http://public.dhe.ibm.com/ibmdl/export/pub/software/websphere/wasdev/maven/repository/org/springframework/data/spring-data-commons/2.4.1/spring-data-commons-2.4.1.jar
2020-12-01 22:25:59,348 [AetherRepositoryConnector-public.dhe.ibm.com-0-3] INFO  o.e.m.c.i.e.AbstractTransferListenerAdapter - Downloaded http://public.dhe.ibm.com/ibmdl/export/pub/software/websphere/wasdev/maven/repository/org/springframework/spring-aspects/5.3.1/spring-aspects-5.3.1.jar
2020-12-01 22:26:02,138 [AetherRepositoryConnector-repo.maven.apache.org-1-0] INFO  o.e.m.c.i.e.AbstractTransferListenerAdapter - Downloading https://repo.maven.apache.org/maven2/org/hibernate/hibernate-core/5.4.23.Final/hibernate-core-5.4.23.Final.jar
2020-12-01 22:26:02,933 [AetherRepositoryConnector-repo.maven.apache.org-1-1] INFO  o.e.m.c.i.e.AbstractTransferListenerAdapter - Downloading https://repo.maven.apache.org/maven2/org/springframework/data/spring-data-jpa/2.4.1/spring-data-jpa-2.4.1.jar
2020-12-01 22:26:02,933 [AetherRepositoryConnector-repo.maven.apache.org-1-3] INFO  o.e.m.c.i.e.AbstractTransferListenerAdapter - Downloading https://repo.maven.apache.org/maven2/org/springframework/spring-orm/5.3.1/spring-orm-5.3.1.jar
2020-12-01 22:26:02,934 [AetherRepositoryConnector-repo.maven.apache.org-1-2] INFO  o.e.m.c.i.e.AbstractTransferListenerAdapter - Downloading https://repo.maven.apache.org/maven2/org/springframework/data/spring-data-commons/2.4.1/spring-data-commons-2.4.1.jar
2020-12-01 22:26:02,934 [AetherRepositoryConnector-repo.maven.apache.org-1-4] INFO  o.e.m.c.i.e.AbstractTransferListenerAdapter - Downloading https://repo.maven.apache.org/maven2/org/springframework/spring-tx/5.3.1/spring-tx-5.3.1.jar
2020-12-01 22:26:05,486 [AetherRepositoryConnector-repo.maven.apache.org-1-3] INFO  o.e.m.c.i.e.AbstractTransferListenerAdapter - Downloaded https://repo.maven.apache.org/maven2/org/springframework/spring-orm/5.3.1/spring-orm-5.3.1.jar
2020-12-01 22:26:06,096 [AetherRepositoryConnector-repo.maven.apache.org-1-3] INFO  o.e.m.c.i.e.AbstractTransferListenerAdapter - Downloading https://repo.maven.apache.org/maven2/org/springframework/spring-aspects/5.3.1/spring-aspects-5.3.1.jar
2020-12-01 22:26:06,556 [AetherRepositoryConnector-repo.maven.apache.org-1-1] INFO  o.e.m.c.i.e.AbstractTransferListenerAdapter - Downloaded https://repo.maven.apache.org/maven2/org/springframework/data/spring-data-jpa/2.4.1/spring-data-jpa-2.4.1.jar
2020-12-01 22:26:06,744 [AetherRepositoryConnector-repo.maven.apache.org-1-4] INFO  o.e.m.c.i.e.AbstractTransferListenerAdapter - Downloaded https://repo.maven.apache.org/maven2/org/springframework/spring-tx/5.3.1/spring-tx-5.3.1.jar
2020-12-01 22:26:06,841 [AetherRepositoryConnector-repo.maven.apache.org-1-3] INFO  o.e.m.c.i.e.AbstractTransferListenerAdapter - Downloaded https://repo.maven.apache.org/maven2/org/springframework/spring-aspects/5.3.1/spring-aspects-5.3.1.jar
2020-12-01 22:26:09,853 [AetherRepositoryConnector-repo.maven.apache.org-1-2] INFO  o.e.m.c.i.e.AbstractTransferListenerAdapter - Downloaded https://repo.maven.apache.org/maven2/org/springframework/data/spring-data-commons/2.4.1/spring-data-commons-2.4.1.jar
2020-12-01 22:26:21,014 [AetherRepositoryConnector-repo.maven.apache.org-1-0] INFO  o.e.m.c.i.e.AbstractTransferListenerAdapter - Downloaded https://repo.maven.apache.org/maven2/org/hibernate/hibernate-core/5.4.23.Final/hibernate-core-5.4.23.Final.jar
2020-12-01 22:26:23,835 [Worker-2: Download sources and javadoc] INFO  o.e.m.c.i.e.AbstractTransferListenerAdapter - Downloaded http://public.dhe.ibm.com/ibmdl/export/pub/software/websphere/wasdev/maven/repository/org/springframework/boot/spring-boot-starter-data-jpa/2.4.0/spring-boot-starter-data-jpa-2.4.0-sources.jar
2020-12-01 22:26:24,638 [Worker-2: Download sources and javadoc] INFO  o.e.m.c.i.e.AbstractTransferListenerAdapter - Downloading https://repo.maven.apache.org/maven2/org/springframework/boot/spring-boot-starter-data-jpa/2.4.0/spring-boot-starter-data-jpa-2.4.0-sources.jar
2020-12-01 22:26:25,626 [Worker-1: Building] INFO  o.e.m.c.i.embedder.EclipseLogger - Using 'UTF-8' encoding to copy filtered resources.
2020-12-01 22:26:25,626 [Worker-1: Building] INFO  o.e.m.c.i.embedder.EclipseLogger - Using 'UTF-8' encoding to copy filtered properties files.
2020-12-01 22:26:25,630 [Worker-1: Building] INFO  o.e.m.c.i.embedder.EclipseLogger - Copying 0 resource
2020-12-01 22:26:25,630 [Worker-1: Building] INFO  o.e.m.c.i.embedder.EclipseLogger - Copying 0 resource
2020-12-01 22:26:25,633 [Worker-1: Building] INFO  o.e.m.c.i.embedder.EclipseLogger - Using 'UTF-8' encoding to copy filtered resources.
2020-12-01 22:26:25,633 [Worker-1: Building] INFO  o.e.m.c.i.embedder.EclipseLogger - Using 'UTF-8' encoding to copy filtered properties files.
2020-12-01 22:26:25,634 [Worker-1: Building] INFO  o.e.m.c.i.embedder.EclipseLogger - skip non existing resourceDirectory C:\web3270\backend\web3270-scripts\src\test\resources
2020-12-01 22:26:25,753 [Worker-2: Download sources and javadoc] INFO  o.e.m.c.i.e.AbstractTransferListenerAdapter - Downloaded https://repo.maven.apache.org/maven2/org/springframework/boot/spring-boot-starter-data-jpa/2.4.0/spring-boot-starter-data-jpa-2.4.0-sources.jar
2020-12-01 22:26:25,804 [Worker-2: Download sources and javadoc] INFO  o.e.m.j.internal.DownloadSourcesJob - Downloaded sources for org.springframework.boot:spring-boot-starter-data-jpa:2.4.0
2020-12-01 22:26:26,712 [Worker-2: Download sources and javadoc] INFO  o.e.m.c.i.e.AbstractTransferListenerAdapter - Downloaded http://public.dhe.ibm.com/ibmdl/export/pub/software/websphere/wasdev/maven/repository/org/springframework/boot/spring-boot-starter-aop/2.4.0/spring-boot-starter-aop-2.4.0-sources.jar
2020-12-01 22:26:27,180 [Worker-1: Building] INFO  o.e.m.c.i.embedder.EclipseLogger - Using 'UTF-8' encoding to copy filtered resources.
2020-12-01 22:26:27,180 [Worker-1: Building] INFO  o.e.m.c.i.embedder.EclipseLogger - Using 'UTF-8' encoding to copy filtered properties files.
2020-12-01 22:26:27,181 [Worker-1: Building] INFO  o.e.m.c.i.embedder.EclipseLogger - Copying 1 resource
2020-12-01 22:26:27,197 [Worker-1: Building] INFO  o.e.m.c.i.embedder.EclipseLogger - Copying 0 resource
2020-12-01 22:26:27,197 [Worker-1: Building] INFO  o.e.m.c.i.embedder.EclipseLogger - The encoding used to copy filtered properties files have not been set. This means that the same encoding will be used to copy filtered properties files as when copying other filtered resources. This might not be what you want! Run your build with --debug to see which files might be affected. Read more at https://maven.apache.org/plugins/maven-resources-plugin/examples/filtering-properties-files.html
2020-12-01 22:26:27,202 [Worker-1: Building] INFO  o.e.m.c.i.embedder.EclipseLogger - Using 'UTF-8' encoding to copy filtered resources.
2020-12-01 22:26:27,202 [Worker-1: Building] INFO  o.e.m.c.i.embedder.EclipseLogger - Using 'UTF-8' encoding to copy filtered properties files.
2020-12-01 22:26:27,202 [Worker-1: Building] INFO  o.e.m.c.i.embedder.EclipseLogger - skip non existing resourceDirectory C:\web3270\backend\web3270-scripts\src\test\resources
2020-12-01 22:26:28,420 [Worker-2: Download sources and javadoc] INFO  o.e.m.c.i.e.AbstractTransferListenerAdapter - Downloading https://repo.maven.apache.org/maven2/org/springframework/boot/spring-boot-starter-aop/2.4.0/spring-boot-starter-aop-2.4.0-sources.jar
2020-12-01 22:26:30,263 [Worker-2: Download sources and javadoc] INFO  o.e.m.c.i.e.AbstractTransferListenerAdapter - Downloaded https://repo.maven.apache.org/maven2/org/springframework/boot/spring-boot-starter-aop/2.4.0/spring-boot-starter-aop-2.4.0-sources.jar
2020-12-01 22:26:30,352 [Worker-2: Download sources and javadoc] INFO  o.e.m.j.internal.DownloadSourcesJob - Downloaded sources for org.springframework.boot:spring-boot-starter-aop:2.4.0
2020-12-01 22:26:30,566 [Worker-6: Building] INFO  o.e.m.c.i.embedder.EclipseLogger - Using 'UTF-8' encoding to copy filtered resources.
2020-12-01 22:26:30,566 [Worker-6: Building] INFO  o.e.m.c.i.embedder.EclipseLogger - Using 'UTF-8' encoding to copy filtered properties files.
2020-12-01 22:26:30,567 [Worker-6: Building] INFO  o.e.m.c.i.embedder.EclipseLogger - Copying 1 resource
2020-12-01 22:26:30,570 [Worker-6: Building] INFO  o.e.m.c.i.embedder.EclipseLogger - Copying 0 resource
2020-12-01 22:26:30,570 [Worker-6: Building] INFO  o.e.m.c.i.embedder.EclipseLogger - The encoding used to copy filtered properties files have not been set. This means that the same encoding will be used to copy filtered properties files as when copying other filtered resources. This might not be what you want! Run your build with --debug to see which files might be affected. Read more at https://maven.apache.org/plugins/maven-resources-plugin/examples/filtering-properties-files.html
2020-12-01 22:26:30,572 [Worker-6: Building] INFO  o.e.m.c.i.embedder.EclipseLogger - Using 'UTF-8' encoding to copy filtered resources.
2020-12-01 22:26:30,572 [Worker-6: Building] INFO  o.e.m.c.i.embedder.EclipseLogger - Using 'UTF-8' encoding to copy filtered properties files.
2020-12-01 22:26:30,572 [Worker-6: Building] INFO  o.e.m.c.i.embedder.EclipseLogger - skip non existing resourceDirectory C:\web3270\backend\web3270-scripts\src\test\resources
2020-12-01 22:26:30,915 [Worker-2: Download sources and javadoc] INFO  o.e.m.c.i.e.AbstractTransferListenerAdapter - Downloaded http://public.dhe.ibm.com/ibmdl/export/pub/software/websphere/wasdev/maven/repository/org/springframework/boot/spring-boot-starter-jdbc/2.4.0/spring-boot-starter-jdbc-2.4.0-sources.jar
2020-12-01 22:26:31,326 [Worker-2: Download sources and javadoc] INFO  o.e.m.c.i.e.AbstractTransferListenerAdapter - Downloading https://repo.maven.apache.org/maven2/org/springframework/boot/spring-boot-starter-jdbc/2.4.0/spring-boot-starter-jdbc-2.4.0-sources.jar
2020-12-01 22:26:31,490 [Worker-2: Download sources and javadoc] INFO  o.e.m.c.i.e.AbstractTransferListenerAdapter - Downloaded https://repo.maven.apache.org/maven2/org/springframework/boot/spring-boot-starter-jdbc/2.4.0/spring-boot-starter-jdbc-2.4.0-sources.jar
2020-12-01 22:26:31,552 [Worker-2: Download sources and javadoc] INFO  o.e.m.j.internal.DownloadSourcesJob - Downloaded sources for org.springframework.boot:spring-boot-starter-jdbc:2.4.0
2020-12-01 22:26:32,068 [Worker-2: Download sources and javadoc] INFO  o.e.m.c.i.e.AbstractTransferListenerAdapter - Downloaded http://public.dhe.ibm.com/ibmdl/export/pub/software/websphere/wasdev/maven/repository/org/springframework/spring-jdbc/5.3.1/spring-jdbc-5.3.1-sources.jar
2020-12-01 22:26:32,575 [Worker-2: Download sources and javadoc] INFO  o.e.m.c.i.e.AbstractTransferListenerAdapter - Downloading https://repo.maven.apache.org/maven2/org/springframework/spring-jdbc/5.3.1/spring-jdbc-5.3.1-sources.jar
2020-12-01 22:26:35,083 [Worker-2: Download sources and javadoc] INFO  o.e.m.c.i.e.AbstractTransferListenerAdapter - Downloaded https://repo.maven.apache.org/maven2/org/springframework/spring-jdbc/5.3.1/spring-jdbc-5.3.1-sources.jar
2020-12-01 22:26:35,189 [Worker-2: Download sources and javadoc] INFO  o.e.m.j.internal.DownloadSourcesJob - Downloaded sources for org.springframework:spring-jdbc:5.3.1
2020-12-01 22:26:35,847 [Worker-2: Download sources and javadoc] INFO  o.e.m.c.i.e.AbstractTransferListenerAdapter - Downloaded http://public.dhe.ibm.com/ibmdl/export/pub/software/websphere/wasdev/maven/repository/org/hibernate/hibernate-core/5.4.23.Final/hibernate-core-5.4.23.Final-sources.jar
2020-12-01 22:26:37,228 [Worker-2: Download sources and javadoc] INFO  o.e.m.c.i.e.AbstractTransferListenerAdapter - Downloading https://repo.maven.apache.org/maven2/org/hibernate/hibernate-core/5.4.23.Final/hibernate-core-5.4.23.Final-sources.jar
2020-12-01 22:26:59,632 [Worker-2: Download sources and javadoc] INFO  o.e.m.c.i.e.AbstractTransferListenerAdapter - Downloaded https://repo.maven.apache.org/maven2/org/hibernate/hibernate-core/5.4.23.Final/hibernate-core-5.4.23.Final-sources.jar
2020-12-01 22:26:59,783 [Worker-2: Download sources and javadoc] INFO  o.e.m.j.internal.DownloadSourcesJob - Downloaded sources for org.hibernate:hibernate-core:5.4.23.Final
2020-12-01 22:27:01,234 [Worker-2: Download sources and javadoc] INFO  o.e.m.c.i.e.AbstractTransferListenerAdapter - Downloaded http://public.dhe.ibm.com/ibmdl/export/pub/software/websphere/wasdev/maven/repository/org/hibernate/common/hibernate-commons-annotations/5.1.2.Final/hibernate-commons-annotations-5.1.2.Final-sources.jar
2020-12-01 22:27:01,848 [Worker-2: Download sources and javadoc] INFO  o.e.m.c.i.e.AbstractTransferListenerAdapter - Downloading https://repo.maven.apache.org/maven2/org/hibernate/common/hibernate-commons-annotations/5.1.2.Final/hibernate-commons-annotations-5.1.2.Final-sources.jar
2020-12-01 22:27:03,246 [Worker-2: Download sources and javadoc] INFO  o.e.m.c.i.e.AbstractTransferListenerAdapter - Downloaded https://repo.maven.apache.org/maven2/org/hibernate/common/hibernate-commons-annotations/5.1.2.Final/hibernate-commons-annotations-5.1.2.Final-sources.jar
2020-12-01 22:27:03,337 [Worker-2: Download sources and javadoc] INFO  o.e.m.j.internal.DownloadSourcesJob - Downloaded sources for org.hibernate.common:hibernate-commons-annotations:5.1.2.Final
2020-12-01 22:27:03,812 [Worker-2: Download sources and javadoc] INFO  o.e.m.c.i.e.AbstractTransferListenerAdapter - Downloaded http://public.dhe.ibm.com/ibmdl/export/pub/software/websphere/wasdev/maven/repository/org/springframework/data/spring-data-jpa/2.4.1/spring-data-jpa-2.4.1-sources.jar
2020-12-01 22:27:04,238 [Worker-2: Download sources and javadoc] INFO  o.e.m.c.i.e.AbstractTransferListenerAdapter - Downloading https://repo.maven.apache.org/maven2/org/springframework/data/spring-data-jpa/2.4.1/spring-data-jpa-2.4.1-sources.jar
2020-12-01 22:27:06,521 [Worker-2: Download sources and javadoc] INFO  o.e.m.c.i.e.AbstractTransferListenerAdapter - Downloaded https://repo.maven.apache.org/maven2/org/springframework/data/spring-data-jpa/2.4.1/spring-data-jpa-2.4.1-sources.jar
2020-12-01 22:27:06,598 [Worker-2: Download sources and javadoc] INFO  o.e.m.j.internal.DownloadSourcesJob - Downloaded sources for org.springframework.data:spring-data-jpa:2.4.1
2020-12-01 22:27:07,250 [Worker-2: Download sources and javadoc] INFO  o.e.m.c.i.e.AbstractTransferListenerAdapter - Downloaded http://public.dhe.ibm.com/ibmdl/export/pub/software/websphere/wasdev/maven/repository/org/springframework/data/spring-data-commons/2.4.1/spring-data-commons-2.4.1-sources.jar
2020-12-01 22:27:07,947 [Worker-2: Download sources and javadoc] INFO  o.e.m.c.i.e.AbstractTransferListenerAdapter - Downloading https://repo.maven.apache.org/maven2/org/springframework/data/spring-data-commons/2.4.1/spring-data-commons-2.4.1-sources.jar
2020-12-01 22:27:14,963 [Worker-2: Download sources and javadoc] INFO  o.e.m.c.i.e.AbstractTransferListenerAdapter - Downloaded https://repo.maven.apache.org/maven2/org/springframework/data/spring-data-commons/2.4.1/spring-data-commons-2.4.1-sources.jar
2020-12-01 22:27:15,043 [Worker-2: Download sources and javadoc] INFO  o.e.m.j.internal.DownloadSourcesJob - Downloaded sources for org.springframework.data:spring-data-commons:2.4.1
2020-12-01 22:27:16,032 [Worker-2: Download sources and javadoc] INFO  o.e.m.c.i.e.AbstractTransferListenerAdapter - Downloaded http://public.dhe.ibm.com/ibmdl/export/pub/software/websphere/wasdev/maven/repository/org/springframework/spring-orm/5.3.1/spring-orm-5.3.1-sources.jar
2020-12-01 22:27:16,425 [Worker-2: Download sources and javadoc] INFO  o.e.m.c.i.e.AbstractTransferListenerAdapter - Downloading https://repo.maven.apache.org/maven2/org/springframework/spring-orm/5.3.1/spring-orm-5.3.1-sources.jar
2020-12-01 22:27:17,114 [Worker-2: Download sources and javadoc] INFO  o.e.m.c.i.e.AbstractTransferListenerAdapter - Downloaded https://repo.maven.apache.org/maven2/org/springframework/spring-orm/5.3.1/spring-orm-5.3.1-sources.jar
2020-12-01 22:27:17,152 [Worker-2: Download sources and javadoc] INFO  o.e.m.j.internal.DownloadSourcesJob - Downloaded sources for org.springframework:spring-orm:5.3.1
2020-12-01 22:27:17,608 [Worker-2: Download sources and javadoc] INFO  o.e.m.c.i.e.AbstractTransferListenerAdapter - Downloaded http://public.dhe.ibm.com/ibmdl/export/pub/software/websphere/wasdev/maven/repository/org/springframework/spring-tx/5.3.1/spring-tx-5.3.1-sources.jar
2020-12-01 22:27:18,016 [Worker-2: Download sources and javadoc] INFO  o.e.m.c.i.e.AbstractTransferListenerAdapter - Downloading https://repo.maven.apache.org/maven2/org/springframework/spring-tx/5.3.1/spring-tx-5.3.1-sources.jar
2020-12-01 22:27:19,125 [Worker-2: Download sources and javadoc] INFO  o.e.m.c.i.e.AbstractTransferListenerAdapter - Downloaded https://repo.maven.apache.org/maven2/org/springframework/spring-tx/5.3.1/spring-tx-5.3.1-sources.jar
2020-12-01 22:27:19,173 [Worker-2: Download sources and javadoc] INFO  o.e.m.j.internal.DownloadSourcesJob - Downloaded sources for org.springframework:spring-tx:5.3.1
2020-12-01 22:27:19,640 [Worker-2: Download sources and javadoc] INFO  o.e.m.c.i.e.AbstractTransferListenerAdapter - Downloaded http://public.dhe.ibm.com/ibmdl/export/pub/software/websphere/wasdev/maven/repository/org/springframework/spring-aspects/5.3.1/spring-aspects-5.3.1-sources.jar
2020-12-01 22:27:20,075 [Worker-2: Download sources and javadoc] INFO  o.e.m.c.i.e.AbstractTransferListenerAdapter - Downloading https://repo.maven.apache.org/maven2/org/springframework/spring-aspects/5.3.1/spring-aspects-5.3.1-sources.jar
2020-12-01 22:27:20,375 [Worker-2: Download sources and javadoc] INFO  o.e.m.c.i.e.AbstractTransferListenerAdapter - Downloaded https://repo.maven.apache.org/maven2/org/springframework/spring-aspects/5.3.1/spring-aspects-5.3.1-sources.jar
2020-12-01 22:27:20,458 [Worker-2: Download sources and javadoc] INFO  o.e.m.j.internal.DownloadSourcesJob - Downloaded sources for org.springframework:spring-aspects:5.3.1
2020-12-01 22:27:21,089 [Worker-0: Building] INFO  o.e.m.c.i.embedder.EclipseLogger - Using 'UTF-8' encoding to copy filtered resources.
2020-12-01 22:27:21,090 [Worker-0: Building] INFO  o.e.m.c.i.embedder.EclipseLogger - Using 'UTF-8' encoding to copy filtered properties files.
2020-12-01 22:27:21,090 [Worker-0: Building] INFO  o.e.m.c.i.embedder.EclipseLogger - Copying 0 resource
2020-12-01 22:27:21,090 [Worker-0: Building] INFO  o.e.m.c.i.embedder.EclipseLogger - Copying 0 resource
2020-12-01 22:27:21,092 [Worker-0: Building] INFO  o.e.m.c.i.embedder.EclipseLogger - Using 'UTF-8' encoding to copy filtered resources.
2020-12-01 22:27:21,092 [Worker-0: Building] INFO  o.e.m.c.i.embedder.EclipseLogger - Using 'UTF-8' encoding to copy filtered properties files.
2020-12-01 22:27:21,092 [Worker-0: Building] INFO  o.e.m.c.i.embedder.EclipseLogger - skip non existing resourceDirectory C:\web3270\backend\web3270-scripts\src\test\resources
2020-12-01 22:28:19,108 [Worker-10: Building] INFO  o.e.m.c.i.embedder.EclipseLogger - Using 'UTF-8' encoding to copy filtered resources.
2020-12-01 22:28:19,108 [Worker-10: Building] INFO  o.e.m.c.i.embedder.EclipseLogger - Using 'UTF-8' encoding to copy filtered properties files.
2020-12-01 22:28:19,109 [Worker-10: Building] INFO  o.e.m.c.i.embedder.EclipseLogger - Copying 1 resource
2020-12-01 22:28:19,115 [Worker-10: Building] INFO  o.e.m.c.i.embedder.EclipseLogger - Copying 0 resource
2020-12-01 22:28:19,115 [Worker-10: Building] INFO  o.e.m.c.i.embedder.EclipseLogger - The encoding used to copy filtered properties files have not been set. This means that the same encoding will be used to copy filtered properties files as when copying other filtered resources. This might not be what you want! Run your build with --debug to see which files might be affected. Read more at https://maven.apache.org/plugins/maven-resources-plugin/examples/filtering-properties-files.html
2020-12-01 22:28:19,118 [Worker-10: Building] INFO  o.e.m.c.i.embedder.EclipseLogger - Using 'UTF-8' encoding to copy filtered resources.
2020-12-01 22:28:19,118 [Worker-10: Building] INFO  o.e.m.c.i.embedder.EclipseLogger - Using 'UTF-8' encoding to copy filtered properties files.
2020-12-01 22:28:19,118 [Worker-10: Building] INFO  o.e.m.c.i.embedder.EclipseLogger - skip non existing resourceDirectory C:\web3270\backend\web3270-scripts\src\test\resources
2020-12-01 22:29:01,519 [Worker-5: Building] INFO  o.e.m.c.i.embedder.EclipseLogger - Using 'UTF-8' encoding to copy filtered resources.
2020-12-01 22:29:01,519 [Worker-5: Building] INFO  o.e.m.c.i.embedder.EclipseLogger - Using 'UTF-8' encoding to copy filtered properties files.
2020-12-01 22:29:01,520 [Worker-5: Building] INFO  o.e.m.c.i.embedder.EclipseLogger - Copying 1 resource
2020-12-01 22:29:01,546 [Worker-5: Building] INFO  o.e.m.c.i.embedder.EclipseLogger - Copying 0 resource
2020-12-01 22:29:01,546 [Worker-5: Building] INFO  o.e.m.c.i.embedder.EclipseLogger - The encoding used to copy filtered properties files have not been set. This means that the same encoding will be used to copy filtered properties files as when copying other filtered resources. This might not be what you want! Run your build with --debug to see which files might be affected. Read more at https://maven.apache.org/plugins/maven-resources-plugin/examples/filtering-properties-files.html
2020-12-01 22:29:01,549 [Worker-5: Building] INFO  o.e.m.c.i.embedder.EclipseLogger - Using 'UTF-8' encoding to copy filtered resources.
2020-12-01 22:29:01,549 [Worker-5: Building] INFO  o.e.m.c.i.embedder.EclipseLogger - Using 'UTF-8' encoding to copy filtered properties files.
2020-12-01 22:29:01,549 [Worker-5: Building] INFO  o.e.m.c.i.embedder.EclipseLogger - skip non existing resourceDirectory C:\web3270\backend\web3270-scripts\src\test\resources
2020-12-01 22:30:21,572 [Worker-7: Building] INFO  o.e.m.c.i.embedder.EclipseLogger - Using 'UTF-8' encoding to copy filtered resources.
2020-12-01 22:30:21,572 [Worker-7: Building] INFO  o.e.m.c.i.embedder.EclipseLogger - Using 'UTF-8' encoding to copy filtered properties files.
2020-12-01 22:30:21,573 [Worker-7: Building] INFO  o.e.m.c.i.embedder.EclipseLogger - Copying 1 resource
2020-12-01 22:30:21,578 [Worker-7: Building] INFO  o.e.m.c.i.embedder.EclipseLogger - Copying 0 resource
2020-12-01 22:30:21,579 [Worker-7: Building] INFO  o.e.m.c.i.embedder.EclipseLogger - The encoding used to copy filtered properties files have not been set. This means that the same encoding will be used to copy filtered properties files as when copying other filtered resources. This might not be what you want! Run your build with --debug to see which files might be affected. Read more at https://maven.apache.org/plugins/maven-resources-plugin/examples/filtering-properties-files.html
2020-12-01 22:30:21,581 [Worker-7: Building] INFO  o.e.m.c.i.embedder.EclipseLogger - Using 'UTF-8' encoding to copy filtered resources.
2020-12-01 22:30:21,581 [Worker-7: Building] INFO  o.e.m.c.i.embedder.EclipseLogger - Using 'UTF-8' encoding to copy filtered properties files.
2020-12-01 22:30:21,581 [Worker-7: Building] INFO  o.e.m.c.i.embedder.EclipseLogger - skip non existing resourceDirectory C:\web3270\backend\web3270-scripts\src\test\resources
2020-12-01 22:30:55,565 [Worker-9: Building] INFO  o.e.m.c.i.embedder.EclipseLogger - Using 'UTF-8' encoding to copy filtered resources.
2020-12-01 22:30:55,565 [Worker-9: Building] INFO  o.e.m.c.i.embedder.EclipseLogger - Using 'UTF-8' encoding to copy filtered properties files.
2020-12-01 22:30:55,566 [Worker-9: Building] INFO  o.e.m.c.i.embedder.EclipseLogger - Copying 1 resource
2020-12-01 22:30:55,571 [Worker-9: Building] INFO  o.e.m.c.i.embedder.EclipseLogger - Copying 0 resource
2020-12-01 22:30:55,571 [Worker-9: Building] INFO  o.e.m.c.i.embedder.EclipseLogger - The encoding used to copy filtered properties files have not been set. This means that the same encoding will be used to copy filtered properties files as when copying other filtered resources. This might not be what you want! Run your build with --debug to see which files might be affected. Read more at https://maven.apache.org/plugins/maven-resources-plugin/examples/filtering-properties-files.html
2020-12-01 22:30:55,574 [Worker-9: Building] INFO  o.e.m.c.i.embedder.EclipseLogger - Using 'UTF-8' encoding to copy filtered resources.
2020-12-01 22:30:55,574 [Worker-9: Building] INFO  o.e.m.c.i.embedder.EclipseLogger - Using 'UTF-8' encoding to copy filtered properties files.
2020-12-01 22:30:55,574 [Worker-9: Building] INFO  o.e.m.c.i.embedder.EclipseLogger - skip non existing resourceDirectory C:\web3270\backend\web3270-scripts\src\test\resources
2020-12-01 22:32:03,911 [Worker-8: Building] INFO  o.e.m.c.i.embedder.EclipseLogger - Using 'UTF-8' encoding to copy filtered resources.
2020-12-01 22:32:03,911 [Worker-8: Building] INFO  o.e.m.c.i.embedder.EclipseLogger - Using 'UTF-8' encoding to copy filtered properties files.
2020-12-01 22:32:03,912 [Worker-8: Building] INFO  o.e.m.c.i.embedder.EclipseLogger - Copying 1 resource
2020-12-01 22:32:03,920 [Worker-8: Building] INFO  o.e.m.c.i.embedder.EclipseLogger - Copying 0 resource
2020-12-01 22:32:03,921 [Worker-8: Building] INFO  o.e.m.c.i.embedder.EclipseLogger - The encoding used to copy filtered properties files have not been set. This means that the same encoding will be used to copy filtered properties files as when copying other filtered resources. This might not be what you want! Run your build with --debug to see which files might be affected. Read more at https://maven.apache.org/plugins/maven-resources-plugin/examples/filtering-properties-files.html
2020-12-01 22:32:03,923 [Worker-8: Building] INFO  o.e.m.c.i.embedder.EclipseLogger - Using 'UTF-8' encoding to copy filtered resources.
2020-12-01 22:32:03,923 [Worker-8: Building] INFO  o.e.m.c.i.embedder.EclipseLogger - Using 'UTF-8' encoding to copy filtered properties files.
2020-12-01 22:32:03,923 [Worker-8: Building] INFO  o.e.m.c.i.embedder.EclipseLogger - skip non existing resourceDirectory C:\web3270\backend\web3270-scripts\src\test\resources
2020-12-01 22:33:29,813 [Worker-9: Building] INFO  o.e.m.c.i.embedder.EclipseLogger - Using 'UTF-8' encoding to copy filtered resources.
2020-12-01 22:33:29,813 [Worker-9: Building] INFO  o.e.m.c.i.embedder.EclipseLogger - Using 'UTF-8' encoding to copy filtered properties files.
2020-12-01 22:33:29,814 [Worker-9: Building] INFO  o.e.m.c.i.embedder.EclipseLogger - Copying 1 resource
2020-12-01 22:33:29,820 [Worker-9: Building] INFO  o.e.m.c.i.embedder.EclipseLogger - Copying 0 resource
2020-12-01 22:33:29,820 [Worker-9: Building] INFO  o.e.m.c.i.embedder.EclipseLogger - The encoding used to copy filtered properties files have not been set. This means that the same encoding will be used to copy filtered properties files as when copying other filtered resources. This might not be what you want! Run your build with --debug to see which files might be affected. Read more at https://maven.apache.org/plugins/maven-resources-plugin/examples/filtering-properties-files.html
2020-12-01 22:33:29,822 [Worker-9: Building] INFO  o.e.m.c.i.embedder.EclipseLogger - Using 'UTF-8' encoding to copy filtered resources.
2020-12-01 22:33:29,822 [Worker-9: Building] INFO  o.e.m.c.i.embedder.EclipseLogger - Using 'UTF-8' encoding to copy filtered properties files.
2020-12-01 22:33:29,822 [Worker-9: Building] INFO  o.e.m.c.i.embedder.EclipseLogger - skip non existing resourceDirectory C:\web3270\backend\web3270-scripts\src\test\resources
2020-12-01 22:33:41,613 [Worker-9: Building] INFO  o.e.m.c.i.embedder.EclipseLogger - Using 'UTF-8' encoding to copy filtered resources.
2020-12-01 22:33:41,613 [Worker-9: Building] INFO  o.e.m.c.i.embedder.EclipseLogger - Using 'UTF-8' encoding to copy filtered properties files.
2020-12-01 22:33:41,614 [Worker-9: Building] INFO  o.e.m.c.i.embedder.EclipseLogger - Copying 1 resource
2020-12-01 22:33:41,645 [Worker-9: Building] INFO  o.e.m.c.i.embedder.EclipseLogger - Copying 0 resource
2020-12-01 22:33:41,645 [Worker-9: Building] INFO  o.e.m.c.i.embedder.EclipseLogger - The encoding used to copy filtered properties files have not been set. This means that the same encoding will be used to copy filtered properties files as when copying other filtered resources. This might not be what you want! Run your build with --debug to see which files might be affected. Read more at https://maven.apache.org/plugins/maven-resources-plugin/examples/filtering-properties-files.html
2020-12-01 22:33:41,647 [Worker-9: Building] INFO  o.e.m.c.i.embedder.EclipseLogger - Using 'UTF-8' encoding to copy filtered resources.
2020-12-01 22:33:41,647 [Worker-9: Building] INFO  o.e.m.c.i.embedder.EclipseLogger - Using 'UTF-8' encoding to copy filtered properties files.
2020-12-01 22:33:41,648 [Worker-9: Building] INFO  o.e.m.c.i.embedder.EclipseLogger - skip non existing resourceDirectory C:\web3270\backend\web3270-scripts\src\test\resources
2020-12-01 22:33:52,306 [Worker-10: Building] INFO  o.e.m.c.i.embedder.EclipseLogger - Using 'UTF-8' encoding to copy filtered resources.
2020-12-01 22:33:52,306 [Worker-10: Building] INFO  o.e.m.c.i.embedder.EclipseLogger - Using 'UTF-8' encoding to copy filtered properties files.
2020-12-01 22:33:52,307 [Worker-10: Building] INFO  o.e.m.c.i.embedder.EclipseLogger - Copying 1 resource
2020-12-01 22:33:52,318 [Worker-10: Building] INFO  o.e.m.c.i.embedder.EclipseLogger - Copying 0 resource
2020-12-01 22:33:52,319 [Worker-10: Building] INFO  o.e.m.c.i.embedder.EclipseLogger - The encoding used to copy filtered properties files have not been set. This means that the same encoding will be used to copy filtered properties files as when copying other filtered resources. This might not be what you want! Run your build with --debug to see which files might be affected. Read more at https://maven.apache.org/plugins/maven-resources-plugin/examples/filtering-properties-files.html
2020-12-01 22:33:52,321 [Worker-10: Building] INFO  o.e.m.c.i.embedder.EclipseLogger - Using 'UTF-8' encoding to copy filtered resources.
2020-12-01 22:33:52,321 [Worker-10: Building] INFO  o.e.m.c.i.embedder.EclipseLogger - Using 'UTF-8' encoding to copy filtered properties files.
2020-12-01 22:33:52,321 [Worker-10: Building] INFO  o.e.m.c.i.embedder.EclipseLogger - skip non existing resourceDirectory C:\web3270\backend\web3270-scripts\src\test\resources
2020-12-01 22:34:06,422 [Worker-4: Building] INFO  o.e.m.c.i.embedder.EclipseLogger - Using 'UTF-8' encoding to copy filtered resources.
2020-12-01 22:34:06,422 [Worker-4: Building] INFO  o.e.m.c.i.embedder.EclipseLogger - Using 'UTF-8' encoding to copy filtered properties files.
2020-12-01 22:34:06,424 [Worker-4: Building] INFO  o.e.m.c.i.embedder.EclipseLogger - Copying 1 resource
2020-12-01 22:34:06,445 [Worker-4: Building] INFO  o.e.m.c.i.embedder.EclipseLogger - Copying 0 resource
2020-12-01 22:34:06,446 [Worker-4: Building] INFO  o.e.m.c.i.embedder.EclipseLogger - The encoding used to copy filtered properties files have not been set. This means that the same encoding will be used to copy filtered properties files as when copying other filtered resources. This might not be what you want! Run your build with --debug to see which files might be affected. Read more at https://maven.apache.org/plugins/maven-resources-plugin/examples/filtering-properties-files.html
2020-12-01 22:34:06,449 [Worker-4: Building] INFO  o.e.m.c.i.embedder.EclipseLogger - Using 'UTF-8' encoding to copy filtered resources.
2020-12-01 22:34:06,449 [Worker-4: Building] INFO  o.e.m.c.i.embedder.EclipseLogger - Using 'UTF-8' encoding to copy filtered properties files.
2020-12-01 22:34:06,449 [Worker-4: Building] INFO  o.e.m.c.i.embedder.EclipseLogger - skip non existing resourceDirectory C:\web3270\backend\web3270-scripts\src\test\resources
2020-12-01 22:34:42,492 [Worker-2: Building] INFO  o.e.m.c.i.embedder.EclipseLogger - Using 'UTF-8' encoding to copy filtered resources.
2020-12-01 22:34:42,492 [Worker-2: Building] INFO  o.e.m.c.i.embedder.EclipseLogger - Using 'UTF-8' encoding to copy filtered properties files.
2020-12-01 22:34:42,493 [Worker-2: Building] INFO  o.e.m.c.i.embedder.EclipseLogger - Copying 1 resource
2020-12-01 22:34:42,499 [Worker-2: Building] INFO  o.e.m.c.i.embedder.EclipseLogger - Copying 0 resource
2020-12-01 22:34:42,499 [Worker-2: Building] INFO  o.e.m.c.i.embedder.EclipseLogger - The encoding used to copy filtered properties files have not been set. This means that the same encoding will be used to copy filtered properties files as when copying other filtered resources. This might not be what you want! Run your build with --debug to see which files might be affected. Read more at https://maven.apache.org/plugins/maven-resources-plugin/examples/filtering-properties-files.html
2020-12-01 22:34:42,502 [Worker-2: Building] INFO  o.e.m.c.i.embedder.EclipseLogger - Using 'UTF-8' encoding to copy filtered resources.
2020-12-01 22:34:42,502 [Worker-2: Building] INFO  o.e.m.c.i.embedder.EclipseLogger - Using 'UTF-8' encoding to copy filtered properties files.
2020-12-01 22:34:42,502 [Worker-2: Building] INFO  o.e.m.c.i.embedder.EclipseLogger - skip non existing resourceDirectory C:\web3270\backend\web3270-scripts\src\test\resources
2020-12-01 22:35:39,866 [Worker-1: Building] INFO  o.e.m.c.i.embedder.EclipseLogger - Using 'UTF-8' encoding to copy filtered resources.
2020-12-01 22:35:39,869 [Worker-1: Building] INFO  o.e.m.c.i.embedder.EclipseLogger - Using 'UTF-8' encoding to copy filtered properties files.
2020-12-01 22:35:39,871 [Worker-1: Building] INFO  o.e.m.c.i.embedder.EclipseLogger - Copying 1 resource
2020-12-01 22:35:39,888 [Worker-1: Building] INFO  o.e.m.c.i.embedder.EclipseLogger - Copying 0 resource
2020-12-01 22:35:39,889 [Worker-1: Building] INFO  o.e.m.c.i.embedder.EclipseLogger - The encoding used to copy filtered properties files have not been set. This means that the same encoding will be used to copy filtered properties files as when copying other filtered resources. This might not be what you want! Run your build with --debug to see which files might be affected. Read more at https://maven.apache.org/plugins/maven-resources-plugin/examples/filtering-properties-files.html
2020-12-01 22:35:39,891 [Worker-1: Building] INFO  o.e.m.c.i.embedder.EclipseLogger - Using 'UTF-8' encoding to copy filtered resources.
2020-12-01 22:35:39,891 [Worker-1: Building] INFO  o.e.m.c.i.embedder.EclipseLogger - Using 'UTF-8' encoding to copy filtered properties files.
2020-12-01 22:35:39,891 [Worker-1: Building] INFO  o.e.m.c.i.embedder.EclipseLogger - skip non existing resourceDirectory C:\web3270\backend\web3270-scripts\src\test\resources
2020-12-01 22:35:55,023 [Worker-7: Building] INFO  o.e.m.c.i.embedder.EclipseLogger - Using 'UTF-8' encoding to copy filtered resources.
2020-12-01 22:35:55,023 [Worker-7: Building] INFO  o.e.m.c.i.embedder.EclipseLogger - Using 'UTF-8' encoding to copy filtered properties files.
2020-12-01 22:35:55,024 [Worker-7: Building] INFO  o.e.m.c.i.embedder.EclipseLogger - Copying 1 resource
2020-12-01 22:35:55,031 [Worker-7: Building] INFO  o.e.m.c.i.embedder.EclipseLogger - Copying 0 resource
2020-12-01 22:35:55,031 [Worker-7: Building] INFO  o.e.m.c.i.embedder.EclipseLogger - The encoding used to copy filtered properties files have not been set. This means that the same encoding will be used to copy filtered properties files as when copying other filtered resources. This might not be what you want! Run your build with --debug to see which files might be affected. Read more at https://maven.apache.org/plugins/maven-resources-plugin/examples/filtering-properties-files.html
2020-12-01 22:35:55,035 [Worker-7: Building] INFO  o.e.m.c.i.embedder.EclipseLogger - Using 'UTF-8' encoding to copy filtered resources.
2020-12-01 22:35:55,035 [Worker-7: Building] INFO  o.e.m.c.i.embedder.EclipseLogger - Using 'UTF-8' encoding to copy filtered properties files.
2020-12-01 22:35:55,035 [Worker-7: Building] INFO  o.e.m.c.i.embedder.EclipseLogger - skip non existing resourceDirectory C:\web3270\backend\web3270-scripts\src\test\resources
2020-12-01 22:36:08,271 [Worker-4: Building] INFO  o.e.m.c.i.embedder.EclipseLogger - Using 'UTF-8' encoding to copy filtered resources.
2020-12-01 22:36:08,272 [Worker-4: Building] INFO  o.e.m.c.i.embedder.EclipseLogger - Using 'UTF-8' encoding to copy filtered properties files.
2020-12-01 22:36:08,273 [Worker-4: Building] INFO  o.e.m.c.i.embedder.EclipseLogger - Copying 1 resource
2020-12-01 22:36:08,279 [Worker-4: Building] INFO  o.e.m.c.i.embedder.EclipseLogger - Copying 0 resource
2020-12-01 22:36:08,279 [Worker-4: Building] INFO  o.e.m.c.i.embedder.EclipseLogger - The encoding used to copy filtered properties files have not been set. This means that the same encoding will be used to copy filtered properties files as when copying other filtered resources. This might not be what you want! Run your build with --debug to see which files might be affected. Read more at https://maven.apache.org/plugins/maven-resources-plugin/examples/filtering-properties-files.html
2020-12-01 22:36:08,281 [Worker-4: Building] INFO  o.e.m.c.i.embedder.EclipseLogger - Using 'UTF-8' encoding to copy filtered resources.
2020-12-01 22:36:08,281 [Worker-4: Building] INFO  o.e.m.c.i.embedder.EclipseLogger - Using 'UTF-8' encoding to copy filtered properties files.
2020-12-01 22:36:08,282 [Worker-4: Building] INFO  o.e.m.c.i.embedder.EclipseLogger - skip non existing resourceDirectory C:\web3270\backend\web3270-scripts\src\test\resources
2020-12-01 22:36:40,283 [Worker-1: Building] INFO  o.e.m.c.i.embedder.EclipseLogger - Using 'UTF-8' encoding to copy filtered resources.
2020-12-01 22:36:40,283 [Worker-1: Building] INFO  o.e.m.c.i.embedder.EclipseLogger - Using 'UTF-8' encoding to copy filtered properties files.
2020-12-01 22:36:40,285 [Worker-1: Building] INFO  o.e.m.c.i.embedder.EclipseLogger - Copying 1 resource
2020-12-01 22:36:40,290 [Worker-1: Building] INFO  o.e.m.c.i.embedder.EclipseLogger - Copying 0 resource
2020-12-01 22:36:40,291 [Worker-1: Building] INFO  o.e.m.c.i.embedder.EclipseLogger - The encoding used to copy filtered properties files have not been set. This means that the same encoding will be used to copy filtered properties files as when copying other filtered resources. This might not be what you want! Run your build with --debug to see which files might be affected. Read more at https://maven.apache.org/plugins/maven-resources-plugin/examples/filtering-properties-files.html
2020-12-01 22:36:40,294 [Worker-1: Building] INFO  o.e.m.c.i.embedder.EclipseLogger - Using 'UTF-8' encoding to copy filtered resources.
2020-12-01 22:36:40,294 [Worker-1: Building] INFO  o.e.m.c.i.embedder.EclipseLogger - Using 'UTF-8' encoding to copy filtered properties files.
2020-12-01 22:36:40,294 [Worker-1: Building] INFO  o.e.m.c.i.embedder.EclipseLogger - skip non existing resourceDirectory C:\web3270\backend\web3270-scripts\src\test\resources
2020-12-01 22:37:13,353 [Worker-1: Building] INFO  o.e.m.c.i.embedder.EclipseLogger - Using 'UTF-8' encoding to copy filtered resources.
2020-12-01 22:37:13,353 [Worker-1: Building] INFO  o.e.m.c.i.embedder.EclipseLogger - Using 'UTF-8' encoding to copy filtered properties files.
2020-12-01 22:37:13,353 [Worker-1: Building] INFO  o.e.m.c.i.embedder.EclipseLogger - Copying 1 resource
2020-12-01 22:37:13,360 [Worker-1: Building] INFO  o.e.m.c.i.embedder.EclipseLogger - Copying 0 resource
2020-12-01 22:37:13,360 [Worker-1: Building] INFO  o.e.m.c.i.embedder.EclipseLogger - The encoding used to copy filtered properties files have not been set. This means that the same encoding will be used to copy filtered properties files as when copying other filtered resources. This might not be what you want! Run your build with --debug to see which files might be affected. Read more at https://maven.apache.org/plugins/maven-resources-plugin/examples/filtering-properties-files.html
2020-12-01 22:37:13,362 [Worker-1: Building] INFO  o.e.m.c.i.embedder.EclipseLogger - Using 'UTF-8' encoding to copy filtered resources.
2020-12-01 22:37:13,362 [Worker-1: Building] INFO  o.e.m.c.i.embedder.EclipseLogger - Using 'UTF-8' encoding to copy filtered properties files.
2020-12-01 22:37:13,362 [Worker-1: Building] INFO  o.e.m.c.i.embedder.EclipseLogger - skip non existing resourceDirectory C:\web3270\backend\web3270-scripts\src\test\resources
2020-12-01 22:38:16,841 [Worker-4: Building] INFO  o.e.m.c.i.embedder.EclipseLogger - Using 'UTF-8' encoding to copy filtered resources.
2020-12-01 22:38:16,842 [Worker-4: Building] INFO  o.e.m.c.i.embedder.EclipseLogger - Using 'UTF-8' encoding to copy filtered properties files.
2020-12-01 22:38:16,843 [Worker-4: Building] INFO  o.e.m.c.i.embedder.EclipseLogger - Copying 1 resource
2020-12-01 22:38:16,850 [Worker-4: Building] INFO  o.e.m.c.i.embedder.EclipseLogger - Copying 0 resource
2020-12-01 22:38:16,850 [Worker-4: Building] INFO  o.e.m.c.i.embedder.EclipseLogger - The encoding used to copy filtered properties files have not been set. This means that the same encoding will be used to copy filtered properties files as when copying other filtered resources. This might not be what you want! Run your build with --debug to see which files might be affected. Read more at https://maven.apache.org/plugins/maven-resources-plugin/examples/filtering-properties-files.html
2020-12-01 22:38:16,852 [Worker-4: Building] INFO  o.e.m.c.i.embedder.EclipseLogger - Using 'UTF-8' encoding to copy filtered resources.
2020-12-01 22:38:16,852 [Worker-4: Building] INFO  o.e.m.c.i.embedder.EclipseLogger - Using 'UTF-8' encoding to copy filtered properties files.
2020-12-01 22:38:16,852 [Worker-4: Building] INFO  o.e.m.c.i.embedder.EclipseLogger - skip non existing resourceDirectory C:\web3270\backend\web3270-scripts\src\test\resources
2020-12-01 22:39:35,341 [Worker-1: Building] INFO  o.e.m.c.i.embedder.EclipseLogger - Using 'UTF-8' encoding to copy filtered resources.
2020-12-01 22:39:35,342 [Worker-1: Building] INFO  o.e.m.c.i.embedder.EclipseLogger - Using 'UTF-8' encoding to copy filtered properties files.
2020-12-01 22:39:35,343 [Worker-1: Building] INFO  o.e.m.c.i.embedder.EclipseLogger - Copying 1 resource
2020-12-01 22:39:35,349 [Worker-1: Building] INFO  o.e.m.c.i.embedder.EclipseLogger - Copying 0 resource
2020-12-01 22:39:35,350 [Worker-1: Building] INFO  o.e.m.c.i.embedder.EclipseLogger - The encoding used to copy filtered properties files have not been set. This means that the same encoding will be used to copy filtered properties files as when copying other filtered resources. This might not be what you want! Run your build with --debug to see which files might be affected. Read more at https://maven.apache.org/plugins/maven-resources-plugin/examples/filtering-properties-files.html
2020-12-01 22:39:35,351 [Worker-1: Building] INFO  o.e.m.c.i.embedder.EclipseLogger - Using 'UTF-8' encoding to copy filtered resources.
2020-12-01 22:39:35,351 [Worker-1: Building] INFO  o.e.m.c.i.embedder.EclipseLogger - Using 'UTF-8' encoding to copy filtered properties files.
2020-12-01 22:39:35,351 [Worker-1: Building] INFO  o.e.m.c.i.embedder.EclipseLogger - skip non existing resourceDirectory C:\web3270\backend\web3270-scripts\src\test\resources
2020-12-01 22:41:49,188 [Worker-1: Building] INFO  o.e.m.c.i.l.LifecycleMappingFactory - Using org.eclipse.m2e.jdt.JarLifecycleMapping lifecycle mapping for MavenProject: br.com.evandrorenan:web3270-scripts:0.0.1-SNAPSHOT @ C:\web3270\backend\web3270-scripts\pom.xml.
2020-12-01 22:41:50,291 [Worker-1: Building] INFO  o.e.m.c.i.embedder.EclipseLogger - Using 'UTF-8' encoding to copy filtered resources.
2020-12-01 22:41:50,291 [Worker-1: Building] INFO  o.e.m.c.i.embedder.EclipseLogger - Using 'UTF-8' encoding to copy filtered properties files.
2020-12-01 22:41:50,294 [Worker-1: Building] INFO  o.e.m.c.i.embedder.EclipseLogger - Copying 0 resource
2020-12-01 22:41:50,294 [Worker-1: Building] INFO  o.e.m.c.i.embedder.EclipseLogger - Copying 0 resource
2020-12-01 22:41:50,296 [Worker-1: Building] INFO  o.e.m.c.i.embedder.EclipseLogger - Using 'UTF-8' encoding to copy filtered resources.
2020-12-01 22:41:50,296 [Worker-1: Building] INFO  o.e.m.c.i.embedder.EclipseLogger - Using 'UTF-8' encoding to copy filtered properties files.
2020-12-01 22:41:50,296 [Worker-1: Building] INFO  o.e.m.c.i.embedder.EclipseLogger - skip non existing resourceDirectory C:\web3270\backend\web3270-scripts\src\test\resources
2020-12-01 22:41:52,501 [Worker-1: Building] INFO  o.e.m.c.i.embedder.EclipseLogger - Using 'UTF-8' encoding to copy filtered resources.
2020-12-01 22:41:52,501 [Worker-1: Building] INFO  o.e.m.c.i.embedder.EclipseLogger - Using 'UTF-8' encoding to copy filtered properties files.
2020-12-01 22:41:52,502 [Worker-1: Building] INFO  o.e.m.c.i.embedder.EclipseLogger - Copying 1 resource
2020-12-01 22:41:52,532 [Worker-1: Building] INFO  o.e.m.c.i.embedder.EclipseLogger - Copying 0 resource
2020-12-01 22:41:52,532 [Worker-1: Building] INFO  o.e.m.c.i.embedder.EclipseLogger - The encoding used to copy filtered properties files have not been set. This means that the same encoding will be used to copy filtered properties files as when copying other filtered resources. This might not be what you want! Run your build with --debug to see which files might be affected. Read more at https://maven.apache.org/plugins/maven-resources-plugin/examples/filtering-properties-files.html
2020-12-01 22:41:52,534 [Worker-1: Building] INFO  o.e.m.c.i.embedder.EclipseLogger - Using 'UTF-8' encoding to copy filtered resources.
2020-12-01 22:41:52,534 [Worker-1: Building] INFO  o.e.m.c.i.embedder.EclipseLogger - Using 'UTF-8' encoding to copy filtered properties files.
2020-12-01 22:41:52,534 [Worker-1: Building] INFO  o.e.m.c.i.embedder.EclipseLogger - skip non existing resourceDirectory C:\web3270\backend\web3270-scripts\src\test\resources
2020-12-01 22:42:41,233 [Worker-4: Building] INFO  o.e.m.c.i.l.LifecycleMappingFactory - Using org.eclipse.m2e.jdt.JarLifecycleMapping lifecycle mapping for MavenProject: br.com.evandrorenan:web3270-scripts:0.0.1-SNAPSHOT @ C:\web3270\backend\web3270-scripts\pom.xml.
2020-12-01 22:42:42,667 [Worker-4: Building] INFO  o.e.m.c.i.embedder.EclipseLogger - Using 'UTF-8' encoding to copy filtered resources.
2020-12-01 22:42:42,668 [Worker-4: Building] INFO  o.e.m.c.i.embedder.EclipseLogger - Using 'UTF-8' encoding to copy filtered properties files.
2020-12-01 22:42:42,672 [Worker-4: Building] INFO  o.e.m.c.i.embedder.EclipseLogger - Copying 0 resource
2020-12-01 22:42:42,672 [Worker-4: Building] INFO  o.e.m.c.i.embedder.EclipseLogger - Copying 0 resource
2020-12-01 22:42:42,674 [Worker-4: Building] INFO  o.e.m.c.i.embedder.EclipseLogger - Using 'UTF-8' encoding to copy filtered resources.
2020-12-01 22:42:42,674 [Worker-4: Building] INFO  o.e.m.c.i.embedder.EclipseLogger - Using 'UTF-8' encoding to copy filtered properties files.
2020-12-01 22:42:42,675 [Worker-4: Building] INFO  o.e.m.c.i.embedder.EclipseLogger - skip non existing resourceDirectory C:\web3270\backend\web3270-scripts\src\test\resources
2020-12-01 22:42:43,968 [Worker-2: Building] INFO  o.e.m.c.i.embedder.EclipseLogger - Using 'UTF-8' encoding to copy filtered resources.
2020-12-01 22:42:43,968 [Worker-2: Building] INFO  o.e.m.c.i.embedder.EclipseLogger - Using 'UTF-8' encoding to copy filtered properties files.
2020-12-01 22:42:43,969 [Worker-2: Building] INFO  o.e.m.c.i.embedder.EclipseLogger - Copying 1 resource
2020-12-01 22:42:43,980 [Worker-2: Building] INFO  o.e.m.c.i.embedder.EclipseLogger - Copying 0 resource
2020-12-01 22:42:43,980 [Worker-2: Building] INFO  o.e.m.c.i.embedder.EclipseLogger - The encoding used to copy filtered properties files have not been set. This means that the same encoding will be used to copy filtered properties files as when copying other filtered resources. This might not be what you want! Run your build with --debug to see which files might be affected. Read more at https://maven.apache.org/plugins/maven-resources-plugin/examples/filtering-properties-files.html
2020-12-01 22:42:43,982 [Worker-2: Building] INFO  o.e.m.c.i.embedder.EclipseLogger - Using 'UTF-8' encoding to copy filtered resources.
2020-12-01 22:42:43,982 [Worker-2: Building] INFO  o.e.m.c.i.embedder.EclipseLogger - Using 'UTF-8' encoding to copy filtered properties files.
2020-12-01 22:42:43,982 [Worker-2: Building] INFO  o.e.m.c.i.embedder.EclipseLogger - skip non existing resourceDirectory C:\web3270\backend\web3270-scripts\src\test\resources
2020-12-01 22:42:44,360 [Worker-9: Download sources and javadoc] INFO  o.e.m.c.i.e.AbstractTransferListenerAdapter - Downloaded http://public.dhe.ibm.com/ibmdl/export/pub/software/websphere/wasdev/maven/repository/org/springframework/boot/spring-boot-starter-hateoas/2.4.0/spring-boot-starter-hateoas-2.4.0-sources.jar
2020-12-01 22:42:45,370 [Worker-9: Download sources and javadoc] INFO  o.e.m.c.i.e.AbstractTransferListenerAdapter - Downloading https://repo.maven.apache.org/maven2/org/springframework/boot/spring-boot-starter-hateoas/2.4.0/spring-boot-starter-hateoas-2.4.0-sources.jar
2020-12-01 22:42:45,531 [Worker-9: Download sources and javadoc] INFO  o.e.m.c.i.e.AbstractTransferListenerAdapter - Downloaded https://repo.maven.apache.org/maven2/org/springframework/boot/spring-boot-starter-hateoas/2.4.0/spring-boot-starter-hateoas-2.4.0-sources.jar
2020-12-01 22:42:45,617 [Worker-9: Download sources and javadoc] INFO  o.e.m.j.internal.DownloadSourcesJob - Downloaded sources for org.springframework.boot:spring-boot-starter-hateoas:2.4.0
2020-12-01 22:42:46,173 [Worker-9: Download sources and javadoc] INFO  o.e.m.c.i.e.AbstractTransferListenerAdapter - Downloaded http://public.dhe.ibm.com/ibmdl/export/pub/software/websphere/wasdev/maven/repository/org/springframework/hateoas/spring-hateoas/1.2.1/spring-hateoas-1.2.1-sources.jar
2020-12-01 22:42:46,607 [Worker-9: Download sources and javadoc] INFO  o.e.m.c.i.e.AbstractTransferListenerAdapter - Downloading https://repo.maven.apache.org/maven2/org/springframework/hateoas/spring-hateoas/1.2.1/spring-hateoas-1.2.1-sources.jar
2020-12-01 22:42:48,342 [Worker-9: Download sources and javadoc] INFO  o.e.m.c.i.e.AbstractTransferListenerAdapter - Downloaded https://repo.maven.apache.org/maven2/org/springframework/hateoas/spring-hateoas/1.2.1/spring-hateoas-1.2.1-sources.jar
2020-12-01 22:42:48,421 [Worker-9: Download sources and javadoc] INFO  o.e.m.j.internal.DownloadSourcesJob - Downloaded sources for org.springframework.hateoas:spring-hateoas:1.2.1
2020-12-01 22:42:49,146 [Worker-7: Building] INFO  o.e.m.c.i.embedder.EclipseLogger - Using 'UTF-8' encoding to copy filtered resources.
2020-12-01 22:42:49,146 [Worker-7: Building] INFO  o.e.m.c.i.embedder.EclipseLogger - Using 'UTF-8' encoding to copy filtered properties files.
2020-12-01 22:42:49,147 [Worker-7: Building] INFO  o.e.m.c.i.embedder.EclipseLogger - Copying 0 resource
2020-12-01 22:42:49,148 [Worker-7: Building] INFO  o.e.m.c.i.embedder.EclipseLogger - Copying 0 resource
2020-12-01 22:42:49,150 [Worker-7: Building] INFO  o.e.m.c.i.embedder.EclipseLogger - Using 'UTF-8' encoding to copy filtered resources.
2020-12-01 22:42:49,150 [Worker-7: Building] INFO  o.e.m.c.i.embedder.EclipseLogger - Using 'UTF-8' encoding to copy filtered properties files.
2020-12-01 22:42:49,150 [Worker-7: Building] INFO  o.e.m.c.i.embedder.EclipseLogger - skip non existing resourceDirectory C:\web3270\backend\web3270-scripts\src\test\resources
2020-12-01 22:42:56,993 [Worker-11: Building] INFO  o.e.m.c.i.l.LifecycleMappingFactory - Using org.eclipse.m2e.jdt.JarLifecycleMapping lifecycle mapping for MavenProject: br.com.evandrorenan:web3270-scripts:0.0.1-SNAPSHOT @ C:\web3270\backend\web3270-scripts\pom.xml.
2020-12-01 22:42:58,058 [Worker-11: Building] INFO  o.e.m.c.i.embedder.EclipseLogger - Using 'UTF-8' encoding to copy filtered resources.
2020-12-01 22:42:58,058 [Worker-11: Building] INFO  o.e.m.c.i.embedder.EclipseLogger - Using 'UTF-8' encoding to copy filtered properties files.
2020-12-01 22:42:58,061 [Worker-11: Building] INFO  o.e.m.c.i.embedder.EclipseLogger - Copying 0 resource
2020-12-01 22:42:58,061 [Worker-11: Building] INFO  o.e.m.c.i.embedder.EclipseLogger - Copying 0 resource
2020-12-01 22:42:58,064 [Worker-11: Building] INFO  o.e.m.c.i.embedder.EclipseLogger - Using 'UTF-8' encoding to copy filtered resources.
2020-12-01 22:42:58,064 [Worker-11: Building] INFO  o.e.m.c.i.embedder.EclipseLogger - Using 'UTF-8' encoding to copy filtered properties files.
2020-12-01 22:42:58,064 [Worker-11: Building] INFO  o.e.m.c.i.embedder.EclipseLogger - skip non existing resourceDirectory C:\web3270\backend\web3270-scripts\src\test\resources
2020-12-01 22:42:59,955 [Worker-11: Building] INFO  o.e.m.c.i.embedder.EclipseLogger - Using 'UTF-8' encoding to copy filtered resources.
2020-12-01 22:42:59,955 [Worker-11: Building] INFO  o.e.m.c.i.embedder.EclipseLogger - Using 'UTF-8' encoding to copy filtered properties files.
2020-12-01 22:42:59,956 [Worker-11: Building] INFO  o.e.m.c.i.embedder.EclipseLogger - Copying 1 resource
2020-12-01 22:42:59,967 [Worker-7: Download sources and javadoc] INFO  o.e.m.c.i.e.AbstractTransferListenerAdapter - Downloaded http://public.dhe.ibm.com/ibmdl/export/pub/software/websphere/wasdev/maven/repository/org/springframework/boot/spring-boot-devtools/2.4.0/spring-boot-devtools-2.4.0-sources.jar
2020-12-01 22:42:59,972 [Worker-11: Building] INFO  o.e.m.c.i.embedder.EclipseLogger - Copying 0 resource
2020-12-01 22:42:59,973 [Worker-11: Building] INFO  o.e.m.c.i.embedder.EclipseLogger - The encoding used to copy filtered properties files have not been set. This means that the same encoding will be used to copy filtered properties files as when copying other filtered resources. This might not be what you want! Run your build with --debug to see which files might be affected. Read more at https://maven.apache.org/plugins/maven-resources-plugin/examples/filtering-properties-files.html
2020-12-01 22:42:59,974 [Worker-11: Building] INFO  o.e.m.c.i.embedder.EclipseLogger - Using 'UTF-8' encoding to copy filtered resources.
2020-12-01 22:42:59,975 [Worker-11: Building] INFO  o.e.m.c.i.embedder.EclipseLogger - Using 'UTF-8' encoding to copy filtered properties files.
2020-12-01 22:42:59,975 [Worker-11: Building] INFO  o.e.m.c.i.embedder.EclipseLogger - skip non existing resourceDirectory C:\web3270\backend\web3270-scripts\src\test\resources
2020-12-01 22:43:01,365 [Worker-7: Download sources and javadoc] INFO  o.e.m.c.i.e.AbstractTransferListenerAdapter - Downloading https://repo.maven.apache.org/maven2/org/springframework/boot/spring-boot-devtools/2.4.0/spring-boot-devtools-2.4.0-sources.jar
2020-12-01 22:43:01,937 [Worker-7: Download sources and javadoc] INFO  o.e.m.c.i.e.AbstractTransferListenerAdapter - Downloaded https://repo.maven.apache.org/maven2/org/springframework/boot/spring-boot-devtools/2.4.0/spring-boot-devtools-2.4.0-sources.jar
2020-12-01 22:43:01,990 [Worker-7: Download sources and javadoc] INFO  o.e.m.j.internal.DownloadSourcesJob - Downloaded sources for org.springframework.boot:spring-boot-devtools:2.4.0
2020-12-01 22:43:02,677 [Worker-7: Building] INFO  o.e.m.c.i.embedder.EclipseLogger - Using 'UTF-8' encoding to copy filtered resources.
2020-12-01 22:43:02,677 [Worker-7: Building] INFO  o.e.m.c.i.embedder.EclipseLogger - Using 'UTF-8' encoding to copy filtered properties files.
2020-12-01 22:43:02,678 [Worker-7: Building] INFO  o.e.m.c.i.embedder.EclipseLogger - Copying 0 resource
2020-12-01 22:43:02,678 [Worker-7: Building] INFO  o.e.m.c.i.embedder.EclipseLogger - Copying 0 resource
2020-12-01 22:43:02,680 [Worker-7: Building] INFO  o.e.m.c.i.embedder.EclipseLogger - Using 'UTF-8' encoding to copy filtered resources.
2020-12-01 22:43:02,680 [Worker-7: Building] INFO  o.e.m.c.i.embedder.EclipseLogger - Using 'UTF-8' encoding to copy filtered properties files.
2020-12-01 22:43:02,680 [Worker-7: Building] INFO  o.e.m.c.i.embedder.EclipseLogger - skip non existing resourceDirectory C:\web3270\backend\web3270-scripts\src\test\resources
2020-12-01 22:55:10,261 [Worker-17: Building] INFO  o.e.m.c.i.embedder.EclipseLogger - Using 'UTF-8' encoding to copy filtered resources.
2020-12-01 22:55:10,262 [Worker-17: Building] INFO  o.e.m.c.i.embedder.EclipseLogger - Using 'UTF-8' encoding to copy filtered properties files.
2020-12-01 22:55:10,263 [Worker-17: Building] INFO  o.e.m.c.i.embedder.EclipseLogger - Copying 1 resource
2020-12-01 22:55:10,281 [Worker-17: Building] INFO  o.e.m.c.i.embedder.EclipseLogger - Copying 0 resource
2020-12-01 22:55:10,282 [Worker-17: Building] INFO  o.e.m.c.i.embedder.EclipseLogger - The encoding used to copy filtered properties files have not been set. This means that the same encoding will be used to copy filtered properties files as when copying other filtered resources. This might not be what you want! Run your build with --debug to see which files might be affected. Read more at https://maven.apache.org/plugins/maven-resources-plugin/examples/filtering-properties-files.html
2020-12-01 22:55:10,284 [Worker-17: Building] INFO  o.e.m.c.i.embedder.EclipseLogger - Using 'UTF-8' encoding to copy filtered resources.
2020-12-01 22:55:10,284 [Worker-17: Building] INFO  o.e.m.c.i.embedder.EclipseLogger - Using 'UTF-8' encoding to copy filtered properties files.
2020-12-01 22:55:10,284 [Worker-17: Building] INFO  o.e.m.c.i.embedder.EclipseLogger - skip non existing resourceDirectory C:\web3270\backend\web3270-scripts\src\test\resources
2020-12-01 22:58:39,764 [Worker-19: Building] INFO  o.e.m.c.i.embedder.EclipseLogger - Using 'UTF-8' encoding to copy filtered resources.
2020-12-01 22:58:39,764 [Worker-19: Building] INFO  o.e.m.c.i.embedder.EclipseLogger - Using 'UTF-8' encoding to copy filtered properties files.
2020-12-01 22:58:39,765 [Worker-19: Building] INFO  o.e.m.c.i.embedder.EclipseLogger - Copying 1 resource
2020-12-01 22:58:39,773 [Worker-19: Building] INFO  o.e.m.c.i.embedder.EclipseLogger - Copying 0 resource
2020-12-01 22:58:39,773 [Worker-19: Building] INFO  o.e.m.c.i.embedder.EclipseLogger - The encoding used to copy filtered properties files have not been set. This means that the same encoding will be used to copy filtered properties files as when copying other filtered resources. This might not be what you want! Run your build with --debug to see which files might be affected. Read more at https://maven.apache.org/plugins/maven-resources-plugin/examples/filtering-properties-files.html
2020-12-01 22:58:39,775 [Worker-19: Building] INFO  o.e.m.c.i.embedder.EclipseLogger - Using 'UTF-8' encoding to copy filtered resources.
2020-12-01 22:58:39,775 [Worker-19: Building] INFO  o.e.m.c.i.embedder.EclipseLogger - Using 'UTF-8' encoding to copy filtered properties files.
2020-12-01 22:58:39,775 [Worker-19: Building] INFO  o.e.m.c.i.embedder.EclipseLogger - skip non existing resourceDirectory C:\web3270\backend\web3270-scripts\src\test\resources
2020-12-01 22:59:06,225 [Worker-19: Building] INFO  o.e.m.c.i.embedder.EclipseLogger - Using 'UTF-8' encoding to copy filtered resources.
2020-12-01 22:59:06,225 [Worker-19: Building] INFO  o.e.m.c.i.embedder.EclipseLogger - Using 'UTF-8' encoding to copy filtered properties files.
2020-12-01 22:59:06,226 [Worker-19: Building] INFO  o.e.m.c.i.embedder.EclipseLogger - Copying 1 resource
2020-12-01 22:59:06,231 [Worker-19: Building] INFO  o.e.m.c.i.embedder.EclipseLogger - Copying 0 resource
2020-12-01 22:59:06,231 [Worker-19: Building] INFO  o.e.m.c.i.embedder.EclipseLogger - The encoding used to copy filtered properties files have not been set. This means that the same encoding will be used to copy filtered properties files as when copying other filtered resources. This might not be what you want! Run your build with --debug to see which files might be affected. Read more at https://maven.apache.org/plugins/maven-resources-plugin/examples/filtering-properties-files.html
2020-12-01 22:59:06,233 [Worker-19: Building] INFO  o.e.m.c.i.embedder.EclipseLogger - Using 'UTF-8' encoding to copy filtered resources.
2020-12-01 22:59:06,233 [Worker-19: Building] INFO  o.e.m.c.i.embedder.EclipseLogger - Using 'UTF-8' encoding to copy filtered properties files.
2020-12-01 22:59:06,233 [Worker-19: Building] INFO  o.e.m.c.i.embedder.EclipseLogger - skip non existing resourceDirectory C:\web3270\backend\web3270-scripts\src\test\resources
2020-12-01 23:02:35,579 [Worker-17: Building] INFO  o.e.m.c.i.embedder.EclipseLogger - Using 'UTF-8' encoding to copy filtered resources.
2020-12-01 23:02:35,579 [Worker-17: Building] INFO  o.e.m.c.i.embedder.EclipseLogger - Using 'UTF-8' encoding to copy filtered properties files.
2020-12-01 23:02:35,580 [Worker-17: Building] INFO  o.e.m.c.i.embedder.EclipseLogger - Copying 1 resource
2020-12-01 23:02:35,590 [Worker-17: Building] INFO  o.e.m.c.i.embedder.EclipseLogger - Copying 0 resource
2020-12-01 23:02:35,590 [Worker-17: Building] INFO  o.e.m.c.i.embedder.EclipseLogger - The encoding used to copy filtered properties files have not been set. This means that the same encoding will be used to copy filtered properties files as when copying other filtered resources. This might not be what you want! Run your build with --debug to see which files might be affected. Read more at https://maven.apache.org/plugins/maven-resources-plugin/examples/filtering-properties-files.html
2020-12-01 23:02:35,592 [Worker-17: Building] INFO  o.e.m.c.i.embedder.EclipseLogger - Using 'UTF-8' encoding to copy filtered resources.
2020-12-01 23:02:35,592 [Worker-17: Building] INFO  o.e.m.c.i.embedder.EclipseLogger - Using 'UTF-8' encoding to copy filtered properties files.
2020-12-01 23:02:35,592 [Worker-17: Building] INFO  o.e.m.c.i.embedder.EclipseLogger - skip non existing resourceDirectory C:\web3270\backend\web3270-scripts\src\test\resources
2020-12-01 23:02:53,264 [Worker-17: Building] INFO  o.e.m.c.i.embedder.EclipseLogger - Using 'UTF-8' encoding to copy filtered resources.
2020-12-01 23:02:53,264 [Worker-17: Building] INFO  o.e.m.c.i.embedder.EclipseLogger - Using 'UTF-8' encoding to copy filtered properties files.
2020-12-01 23:02:53,264 [Worker-17: Building] INFO  o.e.m.c.i.embedder.EclipseLogger - Copying 0 resource
2020-12-01 23:02:53,265 [Worker-17: Building] INFO  o.e.m.c.i.embedder.EclipseLogger - Copying 0 resource
2020-12-01 23:02:53,266 [Worker-17: Building] INFO  o.e.m.c.i.embedder.EclipseLogger - Using 'UTF-8' encoding to copy filtered resources.
2020-12-01 23:02:53,266 [Worker-17: Building] INFO  o.e.m.c.i.embedder.EclipseLogger - Using 'UTF-8' encoding to copy filtered properties files.
2020-12-01 23:02:53,267 [Worker-17: Building] INFO  o.e.m.c.i.embedder.EclipseLogger - skip non existing resourceDirectory C:\web3270\backend\web3270-scripts\src\test\resources
2020-12-01 23:03:11,660 [Worker-20: Building] INFO  o.e.m.c.i.embedder.EclipseLogger - Using 'UTF-8' encoding to copy filtered resources.
2020-12-01 23:03:11,661 [Worker-20: Building] INFO  o.e.m.c.i.embedder.EclipseLogger - Using 'UTF-8' encoding to copy filtered properties files.
2020-12-01 23:03:11,661 [Worker-20: Building] INFO  o.e.m.c.i.embedder.EclipseLogger - Copying 1 resource
2020-12-01 23:03:11,666 [Worker-20: Building] INFO  o.e.m.c.i.embedder.EclipseLogger - Copying 0 resource
2020-12-01 23:03:11,666 [Worker-20: Building] INFO  o.e.m.c.i.embedder.EclipseLogger - The encoding used to copy filtered properties files have not been set. This means that the same encoding will be used to copy filtered properties files as when copying other filtered resources. This might not be what you want! Run your build with --debug to see which files might be affected. Read more at https://maven.apache.org/plugins/maven-resources-plugin/examples/filtering-properties-files.html
2020-12-01 23:03:11,668 [Worker-20: Building] INFO  o.e.m.c.i.embedder.EclipseLogger - Using 'UTF-8' encoding to copy filtered resources.
2020-12-01 23:03:11,668 [Worker-20: Building] INFO  o.e.m.c.i.embedder.EclipseLogger - Using 'UTF-8' encoding to copy filtered properties files.
2020-12-01 23:03:11,669 [Worker-20: Building] INFO  o.e.m.c.i.embedder.EclipseLogger - skip non existing resourceDirectory C:\web3270\backend\web3270-scripts\src\test\resources
2020-12-01 23:03:15,790 [Worker-19: Building] INFO  o.e.m.c.i.embedder.EclipseLogger - Using 'UTF-8' encoding to copy filtered resources.
2020-12-01 23:03:15,790 [Worker-19: Building] INFO  o.e.m.c.i.embedder.EclipseLogger - Using 'UTF-8' encoding to copy filtered properties files.
2020-12-01 23:03:15,791 [Worker-19: Building] INFO  o.e.m.c.i.embedder.EclipseLogger - Copying 1 resource
2020-12-01 23:03:15,797 [Worker-19: Building] INFO  o.e.m.c.i.embedder.EclipseLogger - Copying 0 resource
2020-12-01 23:03:15,797 [Worker-19: Building] INFO  o.e.m.c.i.embedder.EclipseLogger - The encoding used to copy filtered properties files have not been set. This means that the same encoding will be used to copy filtered properties files as when copying other filtered resources. This might not be what you want! Run your build with --debug to see which files might be affected. Read more at https://maven.apache.org/plugins/maven-resources-plugin/examples/filtering-properties-files.html
2020-12-01 23:03:15,799 [Worker-19: Building] INFO  o.e.m.c.i.embedder.EclipseLogger - Using 'UTF-8' encoding to copy filtered resources.
2020-12-01 23:03:15,799 [Worker-19: Building] INFO  o.e.m.c.i.embedder.EclipseLogger - Using 'UTF-8' encoding to copy filtered properties files.
2020-12-01 23:03:15,799 [Worker-19: Building] INFO  o.e.m.c.i.embedder.EclipseLogger - skip non existing resourceDirectory C:\web3270\backend\web3270-scripts\src\test\resources
2020-12-01 23:04:18,733 [Worker-16: Building] INFO  o.e.m.c.i.embedder.EclipseLogger - Using 'UTF-8' encoding to copy filtered resources.
2020-12-01 23:04:18,734 [Worker-16: Building] INFO  o.e.m.c.i.embedder.EclipseLogger - Using 'UTF-8' encoding to copy filtered properties files.
2020-12-01 23:04:18,734 [Worker-16: Building] INFO  o.e.m.c.i.embedder.EclipseLogger - Copying 1 resource
2020-12-01 23:04:18,740 [Worker-16: Building] INFO  o.e.m.c.i.embedder.EclipseLogger - Copying 0 resource
2020-12-01 23:04:18,740 [Worker-16: Building] INFO  o.e.m.c.i.embedder.EclipseLogger - The encoding used to copy filtered properties files have not been set. This means that the same encoding will be used to copy filtered properties files as when copying other filtered resources. This might not be what you want! Run your build with --debug to see which files might be affected. Read more at https://maven.apache.org/plugins/maven-resources-plugin/examples/filtering-properties-files.html
2020-12-01 23:04:18,744 [Worker-16: Building] INFO  o.e.m.c.i.embedder.EclipseLogger - Using 'UTF-8' encoding to copy filtered resources.
2020-12-01 23:04:18,744 [Worker-16: Building] INFO  o.e.m.c.i.embedder.EclipseLogger - Using 'UTF-8' encoding to copy filtered properties files.
2020-12-01 23:04:18,744 [Worker-16: Building] INFO  o.e.m.c.i.embedder.EclipseLogger - skip non existing resourceDirectory C:\web3270\backend\web3270-scripts\src\test\resources
2020-12-01 23:05:22,712 [Worker-16: Building] INFO  o.e.m.c.i.embedder.EclipseLogger - Using 'UTF-8' encoding to copy filtered resources.
2020-12-01 23:05:22,712 [Worker-16: Building] INFO  o.e.m.c.i.embedder.EclipseLogger - Using 'UTF-8' encoding to copy filtered properties files.
2020-12-01 23:05:22,712 [Worker-16: Building] INFO  o.e.m.c.i.embedder.EclipseLogger - Copying 1 resource
2020-12-01 23:05:22,736 [Worker-16: Building] INFO  o.e.m.c.i.embedder.EclipseLogger - Copying 0 resource
2020-12-01 23:05:22,736 [Worker-16: Building] INFO  o.e.m.c.i.embedder.EclipseLogger - The encoding used to copy filtered properties files have not been set. This means that the same encoding will be used to copy filtered properties files as when copying other filtered resources. This might not be what you want! Run your build with --debug to see which files might be affected. Read more at https://maven.apache.org/plugins/maven-resources-plugin/examples/filtering-properties-files.html
2020-12-01 23:05:22,744 [Worker-16: Building] INFO  o.e.m.c.i.embedder.EclipseLogger - Using 'UTF-8' encoding to copy filtered resources.
